card_id,name,card_type,has_setup_attack,accelerate_energy,draw,search,gust,heal,spread_damage,inflict_status,switch,move_energy,disrupt_hand,recover_from_discard,setup_attack,protect,damage_boost,retreat_reduce,devolve,item_lock,deck_refresh,prize_manipulate,conditional_activation
1,Basic {G} Energy,BASIC_ENERGY,0,0,0,0,0,0,0,0,0,0,0,0,0,0,0,0,0,0,0,0,0
2,Basic {R} Energy,BASIC_ENERGY,0,0,0,0,0,0,0,0,0,0,0,0,0,0,0,0,0,0,0,0,0
3,Basic {W} Energy,BASIC_ENERGY,0,0,0,0,0,0,0,0,0,0,0,0,0,0,0,0,0,0,0,0,0
4,Basic {L} Energy,BASIC_ENERGY,0,0,0,0,0,0,0,0,0,0,0,0,0,0,0,0,0,0,0,0,0
5,Basic {P} Energy,BASIC_ENERGY,0,0,0,0,0,0,0,0,0,0,0,0,0,0,0,0,0,0,0,0,0
6,Basic {F} Energy,BASIC_ENERGY,0,0,0,0,0,0,0,0,0,0,0,0,0,0,0,0,0,0,0,0,0
7,Basic {D} Energy,BASIC_ENERGY,0,0,0,0,0,0,0,0,0,0,0,0,0,0,0,0,0,0,0,0,0
8,Basic {M} Energy,BASIC_ENERGY,0,0,0,0,0,0,0,0,0,0,0,0,0,0,0,0,0,0,0,0,0
9,Boomerang Energy,SPECIAL_ENERGY,0,0,0,0,0,0,0,0,0,0,0,0,0,0,0,0,0,0,0,0,0
10,Neo Upper Energy,SPECIAL_ENERGY,0,0,0,0,0,0,0,0,0,0,0,0,0,0,0,0,0,0,0,0,0
11,Mist Energy,SPECIAL_ENERGY,0,0,0,0,0,0,0,0,0,0,0,0,0,0,0,0,0,0,0,0,0
12,Legacy Energy,SPECIAL_ENERGY,0,0,0,0,0,0,0,0,0,0,0,0,0,0,0,0,0,0,0,0,0
13,Enriching Energy,SPECIAL_ENERGY,0,0,0,0,0,0,0,0,0,0,0,0,0,0,0,0,0,0,0,0,0
14,Spiky Energy,SPECIAL_ENERGY,0,0,0,0,0,0,0,0,0,0,0,0,0,0,0,0,0,0,0,0,0
15,Team Rocket's Energy,SPECIAL_ENERGY,0,0,0,0,0,0,0,0,0,0,0,0,0,0,0,0,0,0,0,0,0
16,Prism Energy,SPECIAL_ENERGY,0,0,0,0,0,0,0,0,0,0,0,0,0,0,0,0,0,0,0,0,0
17,Ignition Energy,SPECIAL_ENERGY,0,0,0,0,0,0,0,0,0,0,0,0,0,0,0,0,0,0,0,0,0
18,Grow Grass Energy,SPECIAL_ENERGY,0,0,0,0,0,0,0,0,0,0,0,0,0,0,0,0,0,0,0,0,0
19,Telepath Psychic Energy,SPECIAL_ENERGY,0,0,0,0,0,0,0,0,0,0,0,0,0,0,0,0,0,0,0,0,0
20,Rock Fighting Energy,SPECIAL_ENERGY,0,0,0,0,0,0,0,0,0,0,0,0,0,0,0,0,0,0,0,0,0
21,Scrafty,POKEMON,1,0,0,1,0,0,0,0,0,0,0,0,1,0,0,0,0,0,0,0,0
22,Hippopotas,POKEMON,0,0,0,0,0,0,0,0,0,0,0,0,0,0,0,0,0,0,0,0,0
23,Hippowdon,POKEMON,0,0,0,0,0,0,1,0,0,0,0,0,0,0,0,0,0,0,0,0,0
24,Team Rocket's Kangaskhan ex,POKEMON,1,0,0,0,0,0,0,0,0,0,0,0,1,0,1,0,0,0,0,0,0
25,Pinsir,POKEMON,1,0,0,0,0,0,0,0,0,0,0,0,1,0,0,0,0,0,0,0,0
26,Leafeon,POKEMON,1,1,0,0,0,0,0,0,0,0,0,0,1,0,0,0,0,0,0,0,0
27,Iron Leaves,POKEMON,1,0,0,0,0,0,0,0,0,0,0,1,1,0,1,0,0,0,0,0,0
28,Poltchageist,POKEMON,0,0,0,0,0,0,0,0,0,0,0,0,0,1,0,0,0,0,0,0,0
29,Sinistcha ex,POKEMON,1,0,0,0,0,1,1,0,0,0,0,0,1,0,0,0,0,0,0,0,0
30,Magcargo ex,POKEMON,0,0,0,0,0,0,0,1,0,0,0,0,0,0,1,0,0,0,0,0,0
31,Chi-Yu,POKEMON,1,0,1,0,0,0,0,0,0,0,0,0,1,0,1,0,0,0,0,0,0
32,Glaceon,POKEMON,0,0,0,0,0,0,0,0,0,0,0,0,0,0,0,0,0,0,0,0,0
33,Froakie,POKEMON,1,0,0,1,0,0,0,0,0,0,0,0,1,0,0,0,0,0,0,0,0
34,Frogadier,POKEMON,0,0,0,0,0,0,0,1,0,0,0,0,0,0,0,0,0,0,0,0,0
35,Walking Wake,POKEMON,1,0,0,0,0,1,1,0,0,0,0,0,1,0,0,0,0,0,0,0,0
36,Morpeko,POKEMON,1,1,0,0,0,0,0,0,0,0,0,0,1,0,0,0,0,0,0,0,0
37,Iron Thorns ex,POKEMON,0,0,0,0,0,0,0,0,0,1,0,0,0,0,0,0,0,0,0,0,0
38,Girafarig,POKEMON,0,0,0,0,0,0,0,0,0,0,0,0,0,0,0,0,0,0,0,0,0
39,Enamorus,POKEMON,0,0,0,0,0,0,0,0,0,0,0,0,0,0,1,0,0,0,0,0,0
40,Greninja ex,POKEMON,1,0,0,1,0,0,0,0,0,0,0,0,1,0,0,0,0,0,0,0,0
41,Ting-Lu,POKEMON,0,0,0,0,0,0,0,0,0,0,0,0,0,0,0,0,0,0,0,0,0
42,Applin,POKEMON,1,0,0,1,0,0,0,0,0,0,0,0,1,0,0,0,0,0,0,0,0
43,Eevee,POKEMON,1,0,0,1,0,0,0,0,0,0,0,0,1,0,1,0,0,0,0,0,0
44,Bloodmoon Ursaluna ex,POKEMON,0,0,0,0,0,0,0,0,0,0,0,0,0,0,0,0,0,0,0,1,0
45,Shaymin,POKEMON,1,0,0,0,0,0,0,0,0,0,0,0,1,0,0,0,0,0,0,0,0
46,Gouging Fire ex,POKEMON,0,0,0,0,0,0,0,0,0,0,0,0,0,0,0,0,0,0,0,0,0
47,Totodile,POKEMON,0,0,0,0,0,0,0,0,0,0,0,0,0,0,0,0,0,0,0,0,0
48,Croconaw,POKEMON,0,0,0,0,0,0,0,0,0,0,0,0,0,0,0,0,0,0,0,0,0
49,Feraligatr,POKEMON,0,0,0,0,0,0,0,0,0,0,0,0,0,0,1,0,0,0,0,0,0
50,Wiglett,POKEMON,1,0,0,1,0,0,0,0,0,0,0,0,1,0,0,0,0,0,0,0,0
51,Palafin,POKEMON,1,0,0,0,0,0,0,0,0,0,0,0,1,0,0,0,0,0,0,0,0
52,Wugtrio ex,POKEMON,1,0,0,0,0,0,0,0,0,0,0,0,1,0,0,0,0,0,0,0,0
53,Marill,POKEMON,1,0,0,0,0,0,0,0,0,0,0,0,1,0,0,0,0,0,0,0,0
54,Bronzor,POKEMON,0,0,0,0,0,0,0,0,0,0,0,0,0,0,1,0,0,0,0,0,0
55,Bronzong,POKEMON,0,0,0,0,0,0,0,0,0,0,0,0,0,0,0,0,0,0,0,0,0
56,Flutter Mane,POKEMON,0,0,0,0,0,0,1,0,0,0,0,0,0,0,0,0,0,0,0,0,0
57,Relicanth,POKEMON,0,0,0,0,0,0,0,0,0,0,0,0,0,0,0,0,0,0,0,0,0
58,Great Tusk,POKEMON,1,0,0,0,0,0,0,0,0,0,0,0,1,0,0,0,0,0,0,0,0
59,Gastly,POKEMON,1,0,0,0,0,0,0,0,0,0,0,0,1,0,0,0,0,0,0,0,0
60,Haunter,POKEMON,0,0,0,0,0,0,0,1,0,0,0,0,0,0,0,0,0,0,0,0,0
61,Roaring Moon,POKEMON,0,0,0,0,0,0,0,0,0,0,0,0,0,0,1,0,0,0,0,0,0
62,Koraidon,POKEMON,1,0,0,0,0,0,0,0,0,0,0,0,1,1,0,0,0,0,0,0,0
63,Raging Bolt ex,POKEMON,1,0,1,0,0,0,0,0,0,0,0,0,1,0,0,0,0,0,0,0,0
64,Hoothoot,POKEMON,0,0,0,0,0,0,0,0,0,0,1,0,0,0,0,0,0,0,0,0,0
65,Dunsparce,POKEMON,0,0,0,0,0,0,0,0,0,0,0,0,0,1,0,0,0,0,0,0,0
66,Dudunsparce,POKEMON,0,0,1,0,0,0,0,0,0,0,0,0,0,0,0,0,0,0,0,0,0
67,Pineco,POKEMON,0,0,0,0,0,0,0,0,0,0,0,0,0,0,0,0,0,0,0,0,0
68,Seedot,POKEMON,1,0,0,0,0,0,0,0,0,0,0,0,1,0,0,0,0,0,0,0,0
69,Nuzleaf,POKEMON,1,0,0,0,0,0,0,0,0,0,0,0,1,0,0,0,0,0,0,0,0
70,Shiftry,POKEMON,1,0,0,0,0,0,0,0,0,0,0,0,1,0,0,0,0,0,0,0,0
71,Deerling,POKEMON,0,0,0,0,0,0,0,0,0,0,0,0,0,0,0,0,0,0,0,0,0
72,Sawsbuck,POKEMON,0,0,0,1,0,0,0,0,0,0,0,0,0,0,0,0,0,0,0,0,0
73,Rellor,POKEMON,0,0,0,0,0,0,0,0,0,0,0,0,0,0,0,0,0,0,0,0,0
74,Rabsca,POKEMON,0,0,0,0,0,0,0,0,0,0,0,0,0,1,1,0,0,0,0,0,0
75,Iron Leaves ex,POKEMON,0,0,0,0,0,0,0,0,0,1,0,0,0,0,0,0,0,0,0,0,0
76,Slugma,POKEMON,0,0,0,0,0,0,0,1,0,0,0,0,0,0,1,0,0,0,0,0,0
77,Litten,POKEMON,0,0,0,0,0,0,0,1,0,0,0,0,0,0,0,0,0,0,0,0,0
78,Torracat,POKEMON,0,0,0,0,0,0,0,0,0,0,0,0,0,0,0,0,0,0,0,0,0
79,Incineroar ex,POKEMON,0,0,0,0,0,0,0,1,0,0,0,0,0,0,0,0,0,0,0,0,0
80,Iron Crown ex,POKEMON,1,0,0,0,0,0,0,0,0,0,0,0,1,1,1,0,0,0,0,0,0
81,Drilbur,POKEMON,0,0,0,1,0,0,0,0,0,0,0,0,0,0,0,0,0,0,0,0,0
82,Excadrill,POKEMON,0,0,0,0,0,0,0,0,0,0,0,0,0,0,0,0,0,0,0,0,0
83,Farigiraf ex,POKEMON,0,0,0,0,0,0,0,0,0,0,0,0,0,1,0,0,0,0,0,0,0
84,Scizor ex,POKEMON,1,0,0,0,0,0,0,0,0,0,0,0,1,0,0,0,0,0,0,0,0
85,Beldum,POKEMON,0,0,0,0,0,0,0,0,0,0,0,0,0,0,0,0,0,0,0,0,0
86,Metang,POKEMON,0,1,0,0,0,0,0,0,0,0,0,0,0,0,0,0,0,0,0,0,0
87,Miraidon,POKEMON,0,0,0,1,0,0,0,0,0,0,0,0,0,0,0,0,0,0,0,0,0
88,Volbeat,POKEMON,1,0,0,1,0,0,0,0,0,0,0,0,1,0,1,0,0,0,0,0,0
89,Grookey,POKEMON,0,0,0,0,0,0,0,0,0,0,0,0,0,0,0,0,0,0,0,0,0
90,Thwackey,POKEMON,0,0,0,1,0,0,0,0,0,0,0,0,0,0,0,0,0,0,0,0,0
91,Rillaboom,POKEMON,0,0,0,0,0,0,0,0,0,0,0,0,0,0,0,0,0,0,0,0,0
92,Applin,POKEMON,0,0,0,0,0,0,0,0,0,0,0,0,0,0,1,0,0,0,0,0,0
93,Dipplin,POKEMON,1,0,0,0,0,0,0,0,0,0,0,0,1,0,0,0,0,0,0,0,0
94,Sinistcha,POKEMON,1,0,0,0,0,0,1,0,0,0,0,0,1,0,0,0,0,0,0,0,0
95,Teal Mask Ogerpon,POKEMON,1,0,0,1,0,0,0,0,0,0,0,0,1,0,1,0,0,0,0,0,0
96,Teal Mask Ogerpon ex,POKEMON,0,1,1,0,0,0,0,0,0,0,0,0,0,0,1,0,0,0,0,0,0
97,Litwick,POKEMON,1,0,0,1,0,0,0,0,0,0,0,0,1,0,0,0,0,0,0,0,0
98,Chandelure,POKEMON,1,0,1,0,0,0,0,0,0,0,0,0,1,0,0,0,0,0,0,0,0
99,Hearthflame Mask Ogerpon ex,POKEMON,1,0,0,0,0,0,0,0,0,0,0,0,1,0,1,0,0,0,0,0,0
100,Goldeen,POKEMON,0,0,0,0,0,0,0,0,0,0,0,0,0,0,0,0,0,0,0,0,0
101,Jynx,POKEMON,1,0,0,1,0,0,0,0,0,1,0,0,1,0,0,0,0,0,0,0,0
102,Milotic,POKEMON,0,0,0,0,0,0,0,0,0,0,0,0,0,0,0,0,0,0,0,0,0
103,Snorunt,POKEMON,0,0,0,0,0,0,0,0,0,0,0,0,0,0,0,0,0,0,0,0,0
104,Froslass,POKEMON,0,0,0,0,0,0,1,0,0,0,0,0,0,0,0,0,0,0,0,0,0
105,Finizen,POKEMON,0,0,0,0,0,0,0,0,0,0,0,0,0,0,0,0,0,0,0,0,0
106,Palafin,POKEMON,0,0,0,1,0,0,0,0,0,0,0,0,0,0,0,0,0,0,0,0,0
107,Palafin ex,POKEMON,0,0,0,0,0,0,0,0,0,0,0,0,0,0,0,0,0,0,0,0,0
108,Wellspring Mask Ogerpon ex,POKEMON,0,0,0,0,0,0,0,0,0,0,0,0,0,0,0,0,0,0,0,0,0
109,Abra,POKEMON,0,0,0,0,0,0,0,0,0,0,0,0,0,0,0,0,0,0,0,0,0
110,Slurpuff,POKEMON,1,0,0,0,0,0,0,1,0,0,0,0,1,0,0,0,0,0,0,0,0
111,Sandygast,POKEMON,0,0,0,0,0,0,0,0,0,0,0,0,0,0,0,0,0,0,0,0,0
112,Munkidori,POKEMON,0,0,0,0,0,0,0,1,0,0,0,0,0,0,0,0,0,0,0,0,0
113,Timburr,POKEMON,0,0,0,0,0,0,0,0,0,0,0,0,0,0,0,0,0,0,0,0,0
114,Gurdurr,POKEMON,0,0,0,0,0,0,0,0,0,0,0,0,0,0,1,0,0,0,0,0,0
115,Conkeldurr,POKEMON,0,0,0,0,0,0,0,1,0,0,0,0,0,0,0,0,0,0,0,0,0
116,Okidogi,POKEMON,0,0,0,0,0,0,0,0,0,0,0,0,0,0,1,0,0,0,0,0,0
117,Cornerstone Mask Ogerpon ex,POKEMON,0,0,0,0,0,0,0,0,0,0,0,0,0,1,0,0,0,0,0,0,0
118,Heatran,POKEMON,1,0,0,0,0,0,0,1,0,0,0,0,1,0,0,0,0,0,0,0,0
119,Dreepy,POKEMON,0,0,0,0,0,0,0,0,0,0,0,0,0,0,0,0,0,0,0,0,0
120,Drakloak,POKEMON,0,0,0,0,0,0,0,0,0,0,0,0,0,0,0,0,0,0,0,0,0
121,Dragapult ex,POKEMON,0,0,0,0,0,0,1,0,0,0,0,0,0,0,0,0,0,0,0,0,0
122,Tatsugiri,POKEMON,0,0,0,0,0,0,0,0,0,0,0,0,0,0,0,0,0,0,0,0,0
123,Farfetch'd,POKEMON,0,0,0,1,0,0,0,0,0,0,0,0,0,0,0,0,0,0,0,0,0
124,Chansey,POKEMON,1,1,0,0,0,0,0,0,0,0,0,0,1,0,0,0,0,0,0,0,0
125,Blissey ex,POKEMON,0,0,1,0,0,0,0,0,0,1,0,0,0,0,0,0,0,0,0,0,0
126,Galvantula,POKEMON,0,0,0,0,0,0,0,0,0,0,0,0,0,0,1,0,0,0,0,0,0
127,Rowlet,POKEMON,1,0,1,0,0,0,0,0,0,0,0,0,1,0,0,0,0,0,0,0,0
128,Dartrix,POKEMON,1,0,0,0,0,0,0,0,0,0,0,0,1,0,0,0,0,0,0,0,0
129,Decidueye,POKEMON,1,0,1,0,0,0,0,0,0,0,0,0,1,0,0,0,0,0,0,0,0
130,Revavroom ex,POKEMON,0,0,0,0,0,0,0,0,0,0,0,0,0,0,1,0,0,0,0,0,0
131,Duskull,POKEMON,1,0,0,0,0,0,0,0,0,0,0,1,1,0,0,0,0,0,0,0,0
132,Dusclops,POKEMON,0,0,0,0,0,0,1,0,0,0,0,0,0,0,0,0,0,0,0,0,0
133,Dusknoir,POKEMON,0,0,0,0,0,0,1,0,0,0,0,0,0,0,0,0,0,0,0,0,0
134,Sylveon,POKEMON,1,0,0,0,0,0,0,1,0,0,0,0,1,0,0,0,0,0,0,0,0
135,Bloodmoon Ursaluna,POKEMON,0,1,0,0,0,0,0,0,0,0,0,0,0,0,1,0,0,0,0,0,0
136,Zorua,POKEMON,1,0,0,0,0,0,0,0,0,0,0,0,1,0,0,0,0,0,0,0,0
137,Zoroark,POKEMON,1,0,0,0,0,0,0,0,0,0,0,0,1,0,0,0,0,0,0,0,0
138,Okidogi ex,POKEMON,1,0,0,1,0,0,0,1,0,0,0,0,1,0,1,0,0,0,0,0,0
139,Munkidori ex,POKEMON,0,0,0,0,0,0,0,0,0,0,0,0,0,0,0,0,0,0,0,1,0
140,Fezandipiti ex,POKEMON,1,0,1,0,0,0,0,0,0,0,0,0,1,0,0,0,0,0,0,0,0
141,Pecharunt ex,POKEMON,1,0,0,0,0,0,0,1,0,0,0,0,1,0,0,0,0,0,0,1,0
142,Genesect,POKEMON,0,0,0,0,0,0,0,0,0,0,0,0,0,0,0,0,0,0,0,0,0
143,Varoom,POKEMON,1,0,0,0,0,0,0,0,0,0,0,0,1,0,0,0,0,0,0,0,0
144,Kyurem,POKEMON,1,0,0,0,0,0,0,0,0,0,0,0,1,0,0,0,0,0,0,0,0
145,Eevee,POKEMON,1,0,0,1,0,0,0,0,0,0,0,0,1,0,0,0,0,0,0,0,0
146,Lileep,POKEMON,0,0,0,0,0,0,0,0,0,0,0,0,0,0,0,0,0,0,0,0,0
147,Cradily,POKEMON,1,0,0,0,0,0,0,1,0,0,0,0,1,0,0,0,0,0,0,0,0
148,Mow Rotom,POKEMON,0,0,0,0,0,0,0,0,0,0,0,0,0,0,0,0,0,0,0,0,0
149,Applin,POKEMON,0,0,0,0,0,0,0,0,0,0,0,0,0,0,0,0,0,0,0,0,0
150,Hydrapple ex,POKEMON,0,1,0,0,0,1,0,0,0,0,0,0,0,0,1,0,0,0,0,0,0
151,Scorbunny,POKEMON,0,0,0,0,0,0,0,0,0,0,0,0,0,0,1,0,0,0,0,0,0
152,Raboot,POKEMON,0,0,0,0,0,0,0,0,0,0,0,0,0,0,0,0,0,0,0,0,0
153,Cinderace ex,POKEMON,1,0,0,0,0,0,0,0,0,0,0,0,1,0,0,0,0,0,0,0,0
154,Lapras ex,POKEMON,1,1,0,0,0,0,0,0,0,0,0,0,1,0,0,0,0,0,0,0,0
155,Carracosta,POKEMON,0,0,0,0,0,0,0,0,0,0,0,0,0,0,1,0,0,0,0,0,0
156,Crabominable,POKEMON,0,0,0,0,0,0,0,0,0,0,0,0,0,0,0,0,0,0,0,0,0
157,Chewtle,POKEMON,0,0,0,0,0,0,0,0,0,0,0,0,0,0,0,0,0,0,0,0,0
158,Drednaw,POKEMON,0,0,0,0,0,0,0,0,0,0,0,0,0,1,1,0,0,0,0,0,0
159,Veluza,POKEMON,0,0,0,0,0,0,0,0,0,0,0,0,0,1,0,0,0,0,0,0,0
160,Joltik,POKEMON,1,0,0,1,0,0,0,0,0,0,0,0,1,0,0,0,0,0,0,0,0
161,Galvantula ex,POKEMON,0,0,0,0,0,0,0,0,0,0,0,0,0,0,1,0,0,1,0,0,0
162,Slowpoke,POKEMON,1,0,0,0,0,0,0,0,0,0,0,1,1,0,0,0,0,0,0,0,0
163,Slowking,POKEMON,1,0,0,0,0,0,0,0,0,0,0,0,1,0,0,0,0,0,0,0,0
164,Comfey,POKEMON,1,0,0,0,0,0,0,0,0,0,0,0,1,0,1,0,0,0,0,0,0
165,Klink,POKEMON,1,0,1,0,0,0,0,0,0,0,0,0,1,0,0,0,0,0,0,0,0
166,Klang,POKEMON,0,0,0,0,0,0,0,0,0,0,0,0,0,0,0,0,0,0,0,0,0
167,Klinklang,POKEMON,0,0,0,0,0,0,0,0,0,0,0,0,0,0,0,0,0,0,0,0,0
168,Meltan,POKEMON,1,0,0,1,0,0,0,0,0,0,0,0,1,0,0,0,0,0,0,0,0
169,Duraludon,POKEMON,0,0,0,0,0,0,0,0,0,0,0,0,0,0,1,0,0,0,0,0,0
170,Archaludon,POKEMON,0,0,0,0,0,0,0,0,0,0,0,0,0,0,0,0,0,0,0,0,0
171,Raging Bolt,POKEMON,1,0,0,0,0,0,0,0,0,0,0,0,1,0,0,0,0,0,0,0,0
172,Hoothoot,POKEMON,1,0,0,0,0,0,0,0,0,0,0,0,1,0,0,0,0,0,0,0,0
173,Noctowl,POKEMON,0,0,0,1,0,0,0,0,0,0,0,0,0,0,0,0,0,0,0,0,0
174,Fan Rotom,POKEMON,0,0,0,1,0,0,0,0,0,0,0,0,0,0,0,0,0,0,0,0,0
175,Bouffalant,POKEMON,0,0,0,0,0,0,0,0,0,0,0,0,0,0,0,0,0,0,0,0,0
176,Terapagos ex,POKEMON,1,0,0,0,0,0,0,0,0,0,0,0,1,1,0,0,0,0,0,0,0
177,Exeggcute,POKEMON,1,0,0,1,0,0,0,0,0,0,0,0,1,0,0,0,0,0,0,0,0
178,Zarude,POKEMON,0,0,0,0,0,1,0,0,0,0,0,0,0,0,1,0,0,0,0,0,0
179,Black Kyurem ex,POKEMON,0,0,0,0,0,0,0,1,0,0,0,0,0,0,0,0,0,0,0,0,0
180,Bruxish,POKEMON,0,0,0,0,0,0,0,0,0,0,0,0,0,0,0,0,0,0,0,0,0
181,Quaxwell,POKEMON,0,0,0,0,0,0,0,0,0,0,0,0,0,0,0,0,0,0,0,0,0
182,Quaquaval,POKEMON,0,0,1,0,0,0,0,0,0,0,0,0,0,0,0,0,0,0,0,0,0
183,Smoochum,POKEMON,1,0,0,1,0,0,0,0,0,0,0,0,1,0,0,0,0,0,0,0,0
184,Latias ex,POKEMON,0,0,0,0,0,0,0,0,0,0,0,0,0,0,0,0,0,0,0,0,0
185,Flittle,POKEMON,0,0,0,0,0,0,0,0,0,0,0,0,0,1,0,0,0,0,0,0,0
186,Gimmighoul,POKEMON,1,0,0,1,0,0,0,0,0,0,0,0,1,0,0,0,0,0,0,0,0
187,Trapinch,POKEMON,1,0,0,1,0,0,0,0,0,0,0,0,1,0,0,0,0,0,0,0,0
188,Vibrava,POKEMON,1,0,0,0,0,0,0,0,0,0,0,0,1,0,1,0,0,0,0,0,0
189,Flygon ex,POKEMON,1,0,0,0,0,0,0,0,0,0,0,0,1,1,0,0,0,0,0,0,0
190,Archaludon ex,POKEMON,0,1,0,0,0,0,0,0,0,0,0,0,0,0,0,0,0,0,0,0,0
191,Gholdengo,POKEMON,0,0,0,0,0,0,0,0,0,0,0,0,0,0,1,0,0,0,0,0,0
192,Iron Crown,POKEMON,0,0,0,0,0,0,0,0,0,0,0,0,0,0,1,0,0,0,0,0,0
193,Alolan Exeggutor ex,POKEMON,1,1,0,0,0,0,0,0,0,0,0,0,1,0,0,0,0,0,0,0,0
194,Altaria,POKEMON,1,0,0,1,0,0,0,0,0,0,0,0,1,1,0,0,0,0,0,0,0
195,Dialga,POKEMON,1,0,0,1,0,0,0,0,0,0,0,0,1,0,0,0,0,0,0,0,0
196,Turtonator,POKEMON,1,0,0,0,0,0,0,0,0,0,0,0,1,0,0,0,0,0,0,0,0
197,Swablu,POKEMON,0,0,0,0,0,0,0,1,0,0,0,0,0,0,0,0,0,0,0,0,0
198,Durant ex,POKEMON,0,0,0,0,0,0,0,0,0,0,0,0,0,0,1,0,0,0,0,1,0
199,Scatterbug,POKEMON,1,0,0,1,0,0,0,0,0,0,0,0,1,0,0,0,0,0,0,0,0
200,Spewpa,POKEMON,1,0,0,0,0,0,0,0,0,0,0,0,1,0,0,0,0,0,0,0,0
201,Wo-Chien,POKEMON,0,0,0,0,0,0,0,0,0,0,0,0,0,0,0,0,0,0,0,0,0
202,Victini,POKEMON,0,0,0,0,0,0,0,0,0,0,0,0,0,0,1,0,0,0,0,0,0
203,Skeledirge,POKEMON,0,0,0,0,0,0,0,0,0,0,0,0,0,0,1,0,0,0,0,0,0
204,Charcadet,POKEMON,0,0,0,0,0,0,0,0,0,0,0,0,0,0,0,0,0,0,0,0,0
205,Scovillain ex,POKEMON,0,0,0,0,0,0,0,0,0,0,0,0,0,0,1,0,0,0,0,0,0
206,Feebas,POKEMON,1,0,0,0,0,0,0,0,0,0,0,0,1,0,0,0,0,0,0,0,0
207,Milotic ex,POKEMON,0,0,0,0,0,0,0,1,0,0,0,0,0,1,0,0,0,0,0,0,0
208,Shellos,POKEMON,0,0,0,0,0,0,0,0,0,0,0,0,0,0,0,0,0,0,0,0,0
209,Chien-Pao,POKEMON,0,0,0,0,0,0,0,0,0,0,0,0,0,0,0,0,0,0,0,0,0
210,Pikachu ex,POKEMON,0,0,0,0,0,0,0,0,0,0,0,0,0,0,0,0,0,0,0,0,0
211,Magneton,POKEMON,0,1,0,0,0,0,0,0,0,0,0,0,0,0,0,0,0,0,0,0,0
212,Rotom,POKEMON,1,0,0,0,0,0,0,0,0,0,1,0,1,0,0,0,0,0,0,0,0
213,Tapu Koko,POKEMON,1,0,0,1,0,0,0,0,0,0,0,0,1,0,1,0,0,0,0,1,0
214,Togekiss,POKEMON,0,0,0,0,0,0,0,0,0,0,0,0,0,0,0,0,0,0,0,1,0
215,Uxie,POKEMON,1,0,0,0,0,0,1,0,0,0,0,0,1,0,0,0,0,0,0,0,0
216,Mesprit,POKEMON,1,1,0,0,0,0,0,0,0,0,0,0,1,0,0,0,0,0,0,0,0
217,Azelf,POKEMON,0,0,0,0,0,0,1,0,0,0,0,0,0,0,1,0,0,0,0,0,0
218,Yamask,POKEMON,0,0,0,0,0,0,0,0,0,0,0,0,0,0,0,0,0,0,0,0,0
219,Cofagrigus,POKEMON,1,0,0,0,0,0,1,0,0,0,0,0,1,0,0,0,0,0,0,0,0
220,Espurr,POKEMON,1,0,0,0,0,0,0,0,0,0,1,0,1,0,0,0,0,0,0,0,0
221,Meowstic,POKEMON,0,0,0,0,1,0,0,0,0,0,0,0,0,0,0,0,0,0,0,0,0
222,Dedenne,POKEMON,1,0,0,0,0,0,0,0,0,0,0,1,1,0,0,0,0,0,0,0,0
223,PalossandEX,POKEMON,1,0,0,0,0,0,1,0,0,0,0,0,1,0,0,0,0,0,0,0,0
224,Annihilape,POKEMON,1,0,0,0,0,0,0,1,0,0,0,0,1,0,0,0,0,0,0,0,0
225,Gastrodon,POKEMON,0,0,0,0,0,0,0,0,0,0,0,0,0,0,0,0,0,0,0,0,0
226,Koraidon,POKEMON,0,0,0,0,0,0,0,0,0,0,0,0,0,0,1,0,0,0,0,0,0
227,Deino,POKEMON,1,0,0,0,0,0,0,0,0,0,0,0,1,0,0,0,0,0,0,0,0
228,Zweilous,POKEMON,1,0,0,0,0,0,0,0,0,0,0,0,1,0,0,0,0,0,0,0,0
229,Hydreigon ex,POKEMON,0,0,0,0,0,0,0,0,0,0,0,0,0,0,0,0,0,0,0,0,0
230,Pecharunt,POKEMON,0,0,0,0,0,0,0,1,0,0,0,0,0,0,1,0,0,0,0,0,0
231,Tatsugiri ex,POKEMON,1,0,0,0,0,0,0,0,0,0,0,0,1,1,0,0,0,0,0,0,0
232,Slaking ex,POKEMON,0,0,0,0,0,0,0,0,0,0,0,0,0,0,0,0,0,0,0,0,0
233,Bouffalant,POKEMON,0,0,0,0,0,0,0,0,0,0,0,0,0,0,0,0,0,0,0,0,0
234,Terapagos,POKEMON,1,0,0,1,0,0,0,0,0,0,0,0,1,0,0,0,0,0,0,0,0
235,Budew,POKEMON,0,0,0,0,0,0,0,0,0,0,0,0,0,0,0,0,0,1,0,0,0
236,Leafeon ex,POKEMON,1,0,0,0,0,1,0,0,0,0,0,0,1,0,0,0,0,0,0,0,0
237,Cottonee,POKEMON,1,0,0,0,0,0,0,0,0,0,0,0,1,0,0,0,0,0,0,0,0
238,Whimsicott,POKEMON,0,0,0,0,0,0,0,0,0,0,0,0,0,0,0,0,0,0,0,0,0
239,Flareon ex,POKEMON,0,0,0,1,0,0,0,0,0,0,0,0,0,0,0,0,0,0,0,0,0
240,Seaking,POKEMON,0,0,1,0,0,0,0,0,0,0,0,0,0,0,0,0,0,0,0,0,0
241,Vaporeon ex,POKEMON,1,0,0,0,0,0,0,0,0,0,0,0,1,1,0,0,0,0,0,0,0
242,Feebas,POKEMON,1,0,0,0,0,0,0,0,0,0,0,0,1,0,0,0,0,0,0,0,0
243,Glaceon ex,POKEMON,1,0,0,0,0,0,0,0,0,0,0,0,1,0,0,0,0,0,0,0,0
244,Jolteon ex,POKEMON,0,0,0,0,0,0,0,0,0,0,0,0,0,0,1,0,0,0,0,0,0
245,Alakazam,POKEMON,1,0,0,0,0,0,1,1,0,0,0,0,1,0,1,0,0,0,0,0,0
246,Espeon ex,POKEMON,1,0,0,0,0,0,0,0,0,0,0,0,1,0,0,0,1,0,0,0,0
247,Swirlix,POKEMON,1,0,0,0,0,0,1,0,0,0,0,0,1,0,0,0,0,0,0,0,0
248,Umbreon ex,POKEMON,1,0,0,0,0,0,0,1,0,0,0,0,1,0,0,0,0,0,0,1,0
249,Eevee ex,POKEMON,0,0,0,0,0,0,0,0,0,0,0,0,0,0,0,0,0,0,0,0,0
250,Hoothoot,POKEMON,0,0,0,0,0,0,0,1,0,0,0,0,0,0,0,0,0,0,0,0,0
251,Regigigas,POKEMON,0,0,0,0,0,0,0,0,0,0,0,0,0,0,1,0,0,0,0,0,0
252,Caterpie,POKEMON,0,0,0,0,0,0,0,0,0,0,0,0,0,0,0,0,0,0,0,0,0
253,Metapod,POKEMON,1,0,0,0,0,0,0,0,0,0,0,0,1,1,0,0,0,0,0,0,0
254,Butterfree,POKEMON,1,0,0,0,0,0,0,1,0,0,0,0,1,0,0,0,0,0,0,0,0
255,Maractus,POKEMON,0,0,0,0,0,0,0,0,0,0,0,0,0,0,0,0,0,0,0,0,0
256,Magmortar,POKEMON,0,0,0,0,0,0,0,1,0,0,0,0,0,0,1,0,0,0,0,0,0
257,N’s Darumaka,POKEMON,0,0,0,0,0,0,0,0,0,0,0,0,0,0,0,0,0,0,0,0,0
258,N’s Darmanitan,POKEMON,1,0,0,0,0,0,0,0,0,0,0,0,1,0,0,0,0,0,0,0,0
259,Volcanion ex,POKEMON,0,0,0,0,0,0,0,1,0,1,0,0,0,0,0,0,0,0,0,0,0
260,Lotad,POKEMON,0,0,0,0,0,0,0,0,0,0,0,0,0,0,0,0,0,0,0,0,0
261,Lombre,POKEMON,0,0,0,0,0,0,0,0,0,0,0,0,0,0,0,0,0,0,0,0,0
262,Ludicolo,POKEMON,0,0,0,0,0,0,0,0,0,0,0,0,0,0,0,0,0,0,0,0,0
263,Wailmer,POKEMON,0,0,0,0,0,0,0,0,0,0,0,0,0,0,0,0,0,0,0,0,0
264,Wailord,POKEMON,0,0,0,0,0,0,0,0,0,0,0,0,0,0,1,0,0,0,0,0,0
265,Iono’s Voltorb,POKEMON,0,0,0,0,0,0,0,0,0,0,0,0,0,0,1,0,0,0,0,0,0
266,Iono’s Electrode,POKEMON,1,0,0,0,0,0,0,0,0,0,0,0,1,0,0,0,0,0,0,0,0
267,N’s Joltik,POKEMON,0,0,0,0,0,0,0,1,0,0,0,0,0,0,0,0,0,0,0,0,0
268,Iono’s Tadbulb,POKEMON,0,0,0,0,0,0,0,0,0,0,0,0,0,0,0,0,0,0,0,0,0
269,Iono’s Bellibolt ex,POKEMON,0,1,0,0,0,0,0,0,0,0,0,0,0,0,0,0,0,0,0,0,0
270,Iono’s Wattrel,POKEMON,0,0,0,0,0,0,0,0,0,0,0,0,0,0,1,0,0,0,0,0,0
271,Iono’s Kilowattrel,POKEMON,0,0,1,0,0,0,0,0,0,0,0,0,0,0,0,0,0,0,0,0,0
272,Lillie’s Clefairy ex,POKEMON,0,0,0,0,0,0,0,0,0,0,0,0,0,0,1,0,0,0,0,0,0
273,Banette,POKEMON,1,0,0,0,0,0,0,0,0,0,0,0,1,0,0,0,0,0,0,0,0
274,Beldum,POKEMON,0,0,0,0,0,0,0,0,0,0,0,0,0,0,0,0,0,0,0,0,0
275,Metang,POKEMON,0,0,0,0,0,0,0,0,0,0,0,0,0,0,0,0,0,0,0,0,0
276,Metagross,POKEMON,0,0,0,0,0,0,0,0,0,0,0,0,0,0,1,0,0,0,0,0,0
277,N’s Sigilyph,POKEMON,1,0,0,0,0,0,0,0,0,0,0,0,1,0,0,0,0,0,0,1,0
278,Lillie’s Cutiefly,POKEMON,1,0,0,0,0,1,0,0,0,0,0,0,1,0,0,0,0,0,0,0,0
279,Lillie’s Ribombee,POKEMON,0,0,0,0,0,0,0,0,0,0,1,0,0,0,0,0,0,0,0,0,0
280,Lillie’s Comfey,POKEMON,1,0,0,1,0,0,0,0,0,0,0,0,1,0,0,0,0,0,0,0,0
281,Swinub,POKEMON,1,0,0,1,0,0,0,0,0,0,0,0,1,0,0,0,0,0,0,0,0
282,Piloswine,POKEMON,0,0,0,0,0,0,0,0,0,0,0,0,0,0,0,0,0,0,0,0,0
283,Mamoswine ex,POKEMON,0,0,0,1,0,0,0,0,0,0,0,0,0,0,1,0,0,0,0,0,0
284,Larvitar,POKEMON,0,0,0,0,0,0,0,0,0,0,0,0,0,0,0,0,0,0,0,0,0
285,Pupitar,POKEMON,0,0,0,0,0,0,0,0,0,0,0,0,0,0,0,0,0,0,0,0,0
286,Rockruff,POKEMON,1,0,0,0,0,0,0,0,0,0,0,0,1,0,0,0,0,0,0,0,0
287,Lycanroc,POKEMON,0,1,0,0,0,0,0,0,0,0,0,0,0,0,1,0,0,0,0,0,0
288,Hop’s Silicobra,POKEMON,1,0,0,1,0,0,0,0,0,0,0,0,1,0,0,0,0,0,0,0,0
289,Hop’s Sandaconda,POKEMON,0,0,0,0,0,0,0,0,0,0,0,0,0,0,0,0,0,0,0,0,0
290,Tyranitar,POKEMON,0,0,0,0,0,0,0,0,0,0,0,0,0,0,0,0,0,1,0,0,0
291,N’s Purrloin,POKEMON,0,0,0,0,0,0,0,0,0,0,1,0,0,0,0,0,0,0,0,0,0
292,N’s Zorua,POKEMON,0,0,0,0,0,0,0,0,0,0,0,0,0,0,0,0,0,0,0,0,0
293,N’s Zoroark ex,POKEMON,1,0,1,0,0,0,0,0,0,0,0,0,1,0,0,0,0,0,0,0,0
294,N’s Klink,POKEMON,1,0,0,0,0,0,0,0,0,0,0,0,1,0,0,0,0,0,0,0,0
295,N’s Klang,POKEMON,0,0,0,0,0,0,0,1,0,0,0,0,0,0,0,0,0,0,0,0,0
296,N’s Klinklang,POKEMON,1,0,0,0,0,0,0,0,0,0,0,0,1,0,0,0,0,0,0,0,0
297,Magearna,POKEMON,0,1,1,0,0,1,0,0,0,0,0,0,0,0,0,0,0,0,0,0,0
298,Hop’s Corviknight,POKEMON,0,0,0,0,0,0,0,0,0,0,0,0,0,0,0,0,0,0,0,0,0
299,Hop’s Zacian ex,POKEMON,0,0,0,0,0,0,0,0,0,0,0,0,0,0,0,0,0,0,0,0,0
300,Bagon,POKEMON,0,0,0,0,0,0,0,0,0,0,0,0,0,0,0,0,0,0,0,0,0
301,Shelgon,POKEMON,0,0,0,0,0,0,0,0,0,0,0,0,0,0,0,0,0,0,0,0,0
302,Salamence ex,POKEMON,1,0,0,0,0,0,0,0,0,0,0,0,1,0,0,0,0,0,0,0,0
303,N’s Reshiram,POKEMON,1,0,0,0,0,0,0,0,0,0,0,0,1,0,0,0,0,0,0,0,0
304,Hop’s Snorlax,POKEMON,0,0,0,0,0,0,0,0,0,0,0,0,0,0,1,0,0,0,0,0,0
305,Dunsparce,POKEMON,1,0,0,0,0,0,0,0,0,0,0,0,1,0,0,0,0,0,0,0,0
306,Dudunsparce ex,POKEMON,1,0,0,0,0,0,0,0,0,0,0,0,1,1,0,0,0,0,0,0,0
307,Hop’s Rookidee,POKEMON,1,0,0,0,0,0,0,0,0,0,0,0,1,0,0,0,0,0,0,0,0
308,Hop’s Corvisquire,POKEMON,0,0,0,0,0,0,0,0,0,0,0,0,0,0,0,0,0,0,0,0,0
309,Hop’s Wooloo,POKEMON,0,0,0,0,0,0,0,0,0,0,0,0,0,0,0,0,0,0,0,0,0
310,Hop’s Dubwool,POKEMON,0,0,0,0,1,0,0,0,0,0,0,0,0,0,0,0,0,0,0,0,0
311,Hop’s Cramorant,POKEMON,0,0,0,0,0,0,0,0,0,0,0,0,0,0,0,0,0,0,0,1,0
312,Sandy Shocks,POKEMON,0,0,0,0,0,0,0,0,0,0,0,0,0,1,1,0,0,0,0,0,0
313,Miraidon ex,POKEMON,0,0,0,0,0,0,0,0,0,0,0,0,0,0,1,0,0,0,0,0,0
314,Marill,POKEMON,0,0,0,0,0,0,0,0,0,0,0,0,0,0,0,0,0,0,0,0,0
315,Azumarill,POKEMON,0,0,0,0,0,0,0,0,0,0,0,0,0,0,0,0,0,0,0,0,0
316,Sylveon ex,POKEMON,1,0,0,0,0,0,0,0,0,0,0,0,1,0,0,0,0,0,0,0,0
317,Eevee,POKEMON,0,0,0,0,0,0,0,0,0,0,0,0,0,0,0,0,0,0,0,0,0
318,Ho-Oh,POKEMON,0,0,0,0,0,0,0,0,0,0,0,0,0,0,1,0,0,0,0,0,0
319,Charcadet,POKEMON,0,0,0,0,0,0,0,0,0,0,0,0,0,0,0,0,0,0,0,0,0
320,Ceruledge ex,POKEMON,0,0,0,0,0,0,0,0,0,0,0,0,0,0,1,0,0,0,0,0,0
321,Petilil,POKEMON,0,0,0,0,0,0,0,0,0,0,0,0,0,0,0,0,0,0,0,0,0
322,Lilligant,POKEMON,0,0,0,0,0,0,0,0,0,0,0,0,0,0,1,0,0,0,0,0,0
323,Nymble,POKEMON,0,0,0,0,0,0,0,0,0,0,0,0,0,0,0,0,0,0,0,0,0
324,Torchic,POKEMON,0,0,0,0,0,0,0,0,0,0,0,0,0,0,0,0,0,0,0,0,0
325,Combusken,POKEMON,0,0,0,0,0,0,0,0,0,0,0,0,0,0,0,0,0,0,0,0,0
326,Blaziken ex,POKEMON,0,1,0,0,0,0,0,0,0,0,0,0,0,0,0,0,0,0,0,0,0
327,Slowpoke,POKEMON,0,0,0,0,0,0,0,0,0,0,0,0,0,0,0,0,0,0,0,0,0
328,Pikachu ex,POKEMON,0,0,0,0,0,0,0,0,0,0,0,0,0,0,0,0,0,0,0,0,0
329,Tapu Koko ex,POKEMON,0,0,0,0,0,0,0,0,0,0,0,0,0,0,1,0,0,0,0,0,0
330,Sylveon,POKEMON,0,0,0,0,0,0,0,0,0,0,0,0,0,1,0,0,0,0,0,0,0
331,XerneasEX,POKEMON,0,0,0,0,0,0,0,0,0,0,0,0,0,0,1,0,0,0,0,0,0
332,Dhelmise,POKEMON,0,0,0,0,0,0,0,0,0,0,0,0,0,0,0,0,0,0,0,0,0
333,Riolu,POKEMON,0,0,0,0,0,0,0,0,0,0,0,0,0,0,1,0,0,0,0,0,0
334,Sneasel,POKEMON,0,0,0,0,0,0,0,0,0,0,0,0,0,0,0,0,0,0,0,0,0
335,Bronzor,POKEMON,0,0,0,0,0,0,0,0,0,0,0,0,0,0,0,0,0,0,0,0,0
336,Zacian ex,POKEMON,0,0,0,1,0,0,0,0,0,0,0,0,0,0,0,0,0,0,0,0,0
337,LugiaEX,POKEMON,0,0,0,0,0,0,0,0,0,0,0,0,0,0,0,0,0,0,0,0,0
338,Ethan's Pinsir,POKEMON,0,0,0,0,0,0,0,0,0,0,0,0,0,0,1,0,0,0,0,0,0
339,Yanma,POKEMON,1,0,0,0,0,0,0,0,0,0,0,0,1,0,0,0,0,0,0,0,0
340,Yanmega ex,POKEMON,0,0,0,1,0,0,0,0,0,1,0,0,0,0,0,0,0,0,0,0,0
341,Cynthia's Roselia,POKEMON,0,0,0,0,0,0,0,0,0,0,0,0,0,0,0,0,0,0,0,0,0
342,Cynthia's Roserade,POKEMON,0,0,0,0,0,0,0,0,0,0,0,0,0,0,1,0,0,0,0,0,0
343,Shaymin,POKEMON,0,0,0,0,0,0,0,0,0,0,0,0,0,1,0,0,0,0,0,0,0
344,Dwebble,POKEMON,1,0,0,1,0,0,0,0,0,0,0,0,1,0,0,0,0,0,0,0,0
345,Crustle,POKEMON,0,0,0,0,0,0,0,0,0,0,0,0,0,1,0,0,0,0,0,0,0
346,Applin,POKEMON,0,0,0,0,0,1,0,0,0,0,0,0,0,0,0,0,0,0,0,0,0
347,Dipplin,POKEMON,0,0,0,0,0,0,0,0,0,0,0,0,0,0,0,0,0,0,0,0,0
348,Hydrapple,POKEMON,1,0,0,0,0,0,0,0,0,0,0,0,1,0,0,0,0,0,0,0,0
349,Teal Mask Ogerpon,POKEMON,1,0,0,1,0,0,0,0,0,0,0,0,1,0,0,0,0,0,0,0,0
350,Ponyta,POKEMON,1,0,0,0,0,0,0,0,0,0,0,0,1,0,0,0,0,0,0,0,0
351,Rapidash,POKEMON,0,0,1,0,0,0,0,0,0,0,0,0,0,0,0,0,0,0,0,0,0
352,Ethan's Cyndaquil,POKEMON,0,0,0,0,0,0,0,0,0,0,0,0,0,0,0,0,0,0,0,0,0
353,Ethan's Quilava,POKEMON,0,0,0,1,0,0,0,0,0,0,0,0,0,0,0,0,0,0,0,0,0
354,Ethan's Typhlosion,POKEMON,0,0,0,0,0,0,0,0,0,0,0,0,0,0,1,0,0,0,0,0,0
355,Ethan's Slugma,POKEMON,0,0,0,0,0,0,0,0,0,0,0,0,0,0,0,0,0,0,0,0,0
356,Ethan's Magcargo,POKEMON,1,0,0,0,0,0,0,0,0,0,0,0,1,0,0,0,0,0,0,0,0
357,Ethan's Ho-Oh ex,POKEMON,0,1,0,0,0,1,0,0,0,0,0,0,0,0,0,0,0,0,0,0,0
358,Hearthflame Mask Ogerpon,POKEMON,1,0,0,1,0,0,0,1,0,0,0,0,1,0,0,0,0,0,0,0,0
359,Misty's Psyduck,POKEMON,0,0,0,0,0,0,0,0,0,0,0,0,0,0,0,0,0,0,0,0,0
360,Misty's Staryu,POKEMON,0,0,0,0,0,0,0,1,0,0,0,0,0,0,0,0,0,0,0,0,0
361,Misty's Starmie,POKEMON,0,0,0,0,0,0,0,0,0,0,0,0,0,0,1,0,0,0,0,0,0
362,Misty's Magikarp,POKEMON,0,0,0,0,0,0,0,0,0,0,0,0,0,1,0,0,0,0,0,0,0
363,Misty's Gyarados,POKEMON,1,0,0,0,0,0,0,0,0,0,0,0,1,0,0,0,0,0,0,0,0
364,Misty's Lapras,POKEMON,1,0,0,1,0,0,0,0,0,0,0,0,1,0,0,0,0,0,0,0,0
365,Cynthia's Feebas,POKEMON,0,0,0,0,0,0,0,0,0,0,0,0,0,1,0,0,0,0,0,0,0
366,Cynthia's Milotic,POKEMON,0,0,0,0,0,0,0,0,0,0,0,0,0,0,0,0,0,0,0,0,0
367,Buizel,POKEMON,0,0,0,0,0,0,0,0,0,0,0,0,0,0,0,0,0,0,0,0,0
368,Floatzel,POKEMON,0,0,0,0,0,0,0,0,0,0,0,0,0,0,0,0,0,0,0,0,0
369,Dondozo ex,POKEMON,0,0,0,0,0,0,0,0,0,0,0,0,0,0,1,0,0,0,0,0,0
370,Wellspring Mask Ogerpon,POKEMON,1,0,0,1,0,1,0,0,0,0,0,0,1,0,0,0,0,0,0,0,0
371,Electabuzz,POKEMON,0,0,0,0,0,0,0,0,0,0,0,0,0,0,0,0,0,0,0,0,0
372,Electivire ex,POKEMON,1,0,0,0,0,0,0,0,0,0,0,0,1,0,1,0,0,0,0,0,0
373,Ethan's Pichu,POKEMON,0,0,1,0,0,0,0,0,0,0,0,0,0,0,0,0,0,0,0,0,0
374,Electrike,POKEMON,0,0,0,0,0,0,0,0,0,0,0,0,0,0,0,0,0,0,0,0,0
375,Manectric,POKEMON,0,0,0,0,0,0,0,0,0,0,0,0,0,0,0,0,0,0,0,0,0
376,Rotom,POKEMON,1,0,0,0,0,0,0,0,0,0,0,0,1,0,0,0,0,0,0,0,0
377,Zeraora,POKEMON,1,0,0,0,0,0,0,0,0,0,0,0,1,0,0,0,0,0,0,0,0
378,Ethan's Sudowoodo,POKEMON,1,0,0,0,0,0,0,0,0,0,0,0,1,0,0,0,0,0,0,0,0
379,Cynthia's Gible,POKEMON,0,0,0,0,0,0,0,0,0,0,0,0,0,1,0,0,0,0,0,0,0
380,Cynthia's Gabite,POKEMON,0,0,0,1,0,0,0,0,0,0,0,0,0,0,0,0,0,0,0,0,0
381,Cynthia's Garchomp ex,POKEMON,0,0,1,0,0,0,0,0,0,0,0,0,0,0,0,0,0,0,0,0,0
382,Mudbray,POKEMON,1,0,0,0,0,0,0,0,0,0,0,0,1,0,0,0,0,0,0,0,0
383,Mudsdale,POKEMON,0,0,0,0,0,0,0,0,0,0,0,0,0,0,0,0,0,0,0,0,0
384,Arven's Toedscool,POKEMON,0,0,0,0,0,0,0,0,0,0,0,0,0,0,0,0,0,0,0,0,0
385,Arven's Toedscruel,POKEMON,1,0,0,0,1,0,0,0,0,0,0,0,1,0,0,0,0,0,0,0,0
386,Cornerstone Mask Ogerpon,POKEMON,1,0,0,1,0,0,0,0,0,0,0,0,1,0,0,0,0,0,0,0,0
387,Cynthia's Spiritomb,POKEMON,1,0,0,0,0,0,1,0,0,0,0,0,1,1,0,0,0,0,0,0,0
388,Arven's Maschiff,POKEMON,0,0,0,0,0,0,0,0,0,0,0,0,0,0,0,0,0,0,0,0,0
389,Arven's Mabosstiff ex,POKEMON,0,0,0,0,0,0,0,0,0,0,0,0,0,0,1,0,0,0,0,0,0
390,Tauros,POKEMON,0,0,0,0,0,0,0,0,0,0,0,0,0,0,1,0,0,0,0,0,0
391,Arven's Skwovet,POKEMON,0,0,0,0,0,0,0,0,0,0,0,0,0,0,0,0,0,0,0,0,0
392,Arven's Greedent,POKEMON,0,0,0,0,0,0,0,0,0,0,0,1,0,0,0,0,0,0,0,0,0
393,Pineco,POKEMON,0,0,0,0,0,0,0,0,0,0,0,0,0,0,0,0,0,0,0,0,0
394,Shroomish,POKEMON,0,0,0,0,0,0,0,0,0,0,0,0,0,0,0,0,0,0,0,0,0
395,Breloom,POKEMON,0,0,0,0,0,1,0,0,0,0,0,0,0,0,1,0,0,0,0,0,0
396,Mow Rotom,POKEMON,1,0,0,0,0,0,0,0,0,0,0,0,1,0,0,0,0,0,0,0,0
397,Fomantis,POKEMON,0,0,0,0,0,0,0,0,0,0,0,0,0,0,0,0,0,0,0,0,0
398,Lurantis,POKEMON,0,0,0,0,0,0,0,0,0,0,0,0,0,0,0,0,0,0,0,0,0
399,Team Rocket's Blipbug,POKEMON,1,0,0,0,0,0,0,0,0,0,0,0,1,0,0,0,0,0,0,1,0
400,Team Rocket's Tarountula,POKEMON,0,0,0,0,0,0,0,0,0,0,0,0,0,0,0,0,0,0,0,0,0
401,Team Rocket's Spidops,POKEMON,1,1,0,0,0,0,0,0,0,0,0,0,1,0,0,0,0,0,0,0,0
402,Smoliv,POKEMON,0,0,0,0,0,0,0,0,0,0,0,0,0,0,0,0,0,0,0,0,0
403,Dolliv,POKEMON,1,0,0,0,0,1,0,0,0,0,0,0,1,0,0,0,0,0,0,0,0
404,Arboliva ex,POKEMON,1,0,0,0,0,0,0,0,0,0,0,0,1,1,0,0,0,0,0,0,0
405,Growlithe,POKEMON,0,0,0,0,0,0,0,0,0,0,0,0,0,0,0,0,0,0,0,0,0
406,Arcanine,POKEMON,0,0,0,0,0,0,0,0,0,0,0,0,0,0,1,0,0,0,0,0,0
407,Team Rocket's Moltres ex,POKEMON,1,0,0,0,0,0,0,0,0,0,0,0,1,0,0,0,0,0,0,0,0
408,Team Rocket's Houndour,POKEMON,0,0,0,0,0,0,0,0,0,0,0,0,0,0,0,0,0,0,0,0,0
409,Team Rocket's Houndoom,POKEMON,1,0,0,0,0,0,0,1,0,0,0,0,1,0,0,0,0,0,0,0,0
410,Torchic,POKEMON,1,0,1,0,0,0,0,0,0,0,0,0,1,0,0,0,0,0,0,0,0
411,Combusken,POKEMON,1,0,0,0,0,0,0,0,0,0,0,0,1,0,0,0,0,0,0,0,0
412,Blaziken,POKEMON,0,0,0,0,0,0,0,0,0,0,0,0,0,0,0,0,0,0,0,0,0
413,Heat Rotom,POKEMON,1,0,0,0,0,0,0,1,0,0,0,0,1,0,0,0,0,0,0,0,0
414,Team Rocket's Articuno,POKEMON,0,0,0,0,0,0,0,0,0,0,0,0,0,0,1,0,0,0,0,0,0
415,Clamperl,POKEMON,0,0,0,0,0,0,0,0,0,0,0,0,0,0,0,0,0,0,0,0,0
416,Huntail,POKEMON,0,0,0,0,0,0,0,0,0,0,0,0,0,0,0,0,0,0,0,0,0
417,Gorebyss,POKEMON,1,1,0,0,0,0,0,0,0,0,0,0,1,0,0,0,0,0,0,0,0
418,Snover,POKEMON,0,0,0,0,0,0,0,0,0,0,0,0,0,0,0,0,0,0,0,0,0
419,Abomasnow,POKEMON,0,0,0,0,0,0,0,0,0,0,0,0,0,0,1,0,0,0,0,0,0
420,Wash Rotom,POKEMON,1,0,0,0,0,1,0,0,0,0,0,0,1,0,0,0,0,0,0,0,0
421,Arrokuda,POKEMON,0,0,0,0,0,0,0,0,0,0,0,0,0,0,0,0,0,0,0,0,0
422,Barraskewda,POKEMON,0,0,0,0,0,0,0,0,0,0,0,0,0,1,0,0,0,0,0,0,0
423,Cetoddle,POKEMON,0,0,0,0,0,0,0,0,0,0,0,0,0,0,0,0,0,0,0,0,0
424,Cetitan ex,POKEMON,0,0,0,0,0,0,0,0,0,0,0,0,0,0,1,0,0,0,0,0,0
425,Team Rocket's Zapdos,POKEMON,0,0,0,0,0,0,0,0,0,1,0,0,0,0,1,0,0,0,0,0,0
426,Team Rocket's Mareep,POKEMON,1,0,0,1,0,0,0,0,0,0,0,0,1,0,0,0,0,0,0,0,0
427,Team Rocket's Flaaffy,POKEMON,0,0,0,0,0,0,0,1,0,0,0,0,0,0,0,0,0,0,0,0,0
428,Team Rocket's Ampharos,POKEMON,0,0,0,0,0,0,0,0,0,0,0,0,0,0,0,0,0,0,0,0,0
429,Team Rocket's Drowzee,POKEMON,0,0,0,0,0,0,0,1,0,0,0,0,0,0,0,0,0,0,0,0,0
430,Team Rocket's Hypno,POKEMON,1,0,0,0,0,0,0,0,0,0,0,0,1,1,0,0,0,0,0,0,0
431,Team Rocket's Mewtwo ex,POKEMON,0,0,0,0,0,0,0,0,0,0,0,0,0,0,1,0,0,0,0,0,0
432,Team Rocket's Wobbuffet,POKEMON,1,0,0,0,0,0,0,0,0,0,0,0,1,0,0,0,0,0,0,0,0
433,Team Rocket's Chingling,POKEMON,1,0,0,0,0,0,0,0,0,0,0,0,1,0,0,0,0,0,0,0,0
434,Team Rocket's Mimikyu,POKEMON,1,0,0,0,0,0,0,0,0,0,0,0,1,0,0,0,0,0,0,0,0
435,Team Rocket's Dottler,POKEMON,1,0,0,0,0,0,0,0,0,0,0,0,1,0,0,0,0,0,0,0,0
436,Team Rocket's Orbeetle,POKEMON,0,0,0,0,0,0,0,0,0,0,0,0,0,0,1,0,0,0,0,0,0
437,Mankey,POKEMON,0,0,0,0,0,0,0,0,0,0,0,0,0,0,0,0,0,0,0,0,0
438,Primeape,POKEMON,1,0,0,0,1,0,0,0,0,0,0,0,1,0,0,0,0,0,0,0,0
439,Annihilape,POKEMON,0,0,0,0,0,0,0,0,0,0,0,0,0,0,1,0,0,0,0,0,0
440,Team Rocket's Larvitar,POKEMON,0,0,0,0,0,0,0,0,0,0,0,0,0,0,0,0,0,0,0,0,0
441,Team Rocket's Pupitar,POKEMON,0,0,0,1,0,0,0,0,0,0,0,0,0,0,0,0,0,0,0,0,0
442,Team Rocket's Tyranitar,POKEMON,0,0,0,0,0,0,1,0,0,0,0,0,0,0,0,0,0,0,0,0,0
443,Nosepass,POKEMON,0,0,0,0,0,0,0,0,0,0,0,0,0,0,0,0,0,0,0,0,0
444,Probopass,POKEMON,0,0,0,0,0,0,0,0,0,0,0,0,0,0,1,0,0,0,0,0,0
445,Meditite,POKEMON,0,0,0,0,0,0,0,0,0,0,0,0,0,0,1,0,0,0,0,0,0
446,Medicham,POKEMON,0,0,0,0,0,0,0,0,0,0,0,0,0,0,1,0,0,0,0,0,0
447,Regirock ex,POKEMON,1,1,0,0,0,0,0,0,0,0,0,0,1,0,1,0,0,0,0,0,0
448,Team Rocket's Ekans,POKEMON,1,0,0,0,0,0,0,1,0,0,0,0,1,0,0,0,0,0,0,0,0
449,Team Rocket's Arbok,POKEMON,1,0,0,0,0,0,0,0,0,0,0,0,1,0,0,0,0,0,0,0,0
450,Team Rocket's Nidoran♀,POKEMON,0,0,0,0,0,0,0,0,0,0,0,0,0,0,0,0,0,0,0,0,0
451,Team Rocket's Nidorina,POKEMON,1,0,0,1,0,0,0,0,0,0,0,0,1,0,0,0,0,0,0,0,0
452,Team Rocket's Nidoqueen,POKEMON,0,0,0,0,0,0,0,0,0,0,0,0,0,0,1,0,0,0,0,0,0
453,Team Rocket's Nidoran♂,POKEMON,0,0,0,0,0,0,0,0,0,0,0,0,0,0,0,0,0,0,0,0,0
454,Team Rocket's Nidorino,POKEMON,0,0,0,0,0,0,0,0,0,0,0,0,0,0,1,0,0,0,0,0,0
455,Team Rocket's Nidoking ex,POKEMON,0,0,0,0,0,0,0,1,0,0,0,0,0,0,0,0,0,0,0,0,0
456,Team Rocket's Zubat,POKEMON,1,0,0,0,0,0,0,1,0,0,0,0,1,0,0,0,0,0,0,0,0
457,Team Rocket's Golbat,POKEMON,0,0,0,0,0,0,1,1,0,0,0,0,0,0,0,0,0,0,0,0,0
458,Team Rocket's Crobat ex,POKEMON,0,0,0,0,0,0,1,0,0,0,0,0,0,0,0,0,0,0,0,0,0
459,Team Rocket's Grimer,POKEMON,1,0,0,0,0,0,0,0,0,0,0,0,1,0,0,0,0,0,0,0,0
460,Team Rocket's Muk,POKEMON,1,0,0,0,0,0,0,1,0,0,0,0,1,0,0,0,0,0,0,0,0
461,Team Rocket's Koffing,POKEMON,0,0,0,1,0,0,0,0,0,0,0,0,0,0,0,0,0,0,0,0,0
462,Team Rocket's Weezing,POKEMON,1,0,0,0,0,0,0,0,0,0,0,0,1,0,0,0,0,0,0,0,0
463,Team Rocket's Murkrow,POKEMON,1,0,0,1,0,0,0,0,0,0,0,0,1,0,0,0,0,0,0,0,0
464,Team Rocket's Sneasel,POKEMON,1,0,0,0,0,0,1,0,0,0,0,0,1,0,0,0,0,0,0,0,0
465,Forretress,POKEMON,1,0,0,0,0,0,0,0,0,1,0,0,1,0,0,0,0,0,0,0,0
466,Skarmory,POKEMON,1,0,0,0,0,1,0,0,0,0,0,0,1,0,0,0,0,0,0,0,0
467,Zamazenta,POKEMON,0,0,0,0,0,0,0,0,0,0,0,0,0,0,0,0,0,0,0,0,0
468,Team Rocket's Rattata,POKEMON,0,0,0,0,0,0,0,1,0,0,0,0,0,0,0,0,0,0,0,0,0
469,Team Rocket's Raticate,POKEMON,0,0,0,0,0,0,0,0,0,0,0,0,0,0,0,0,0,0,0,0,0
470,Team Rocket's Meowth,POKEMON,1,0,0,0,0,0,0,0,0,0,0,0,1,0,0,0,0,0,0,0,0
471,Team Rocket's Persian ex,POKEMON,1,0,0,0,0,0,0,1,0,0,0,0,1,0,0,0,0,0,0,0,0
472,Kangaskhan,POKEMON,1,0,0,0,0,0,0,0,0,0,0,0,1,0,0,0,0,0,0,0,0
473,Team Rocket's Porygon,POKEMON,1,0,0,0,0,0,0,0,0,0,1,0,1,0,0,0,0,0,0,0,0
474,Team Rocket's Porygon2,POKEMON,1,0,0,0,0,0,0,0,0,0,0,0,1,0,0,0,0,0,0,0,0
475,Team Rocket's Porygon-Z,POKEMON,1,0,1,0,0,0,0,0,0,0,0,0,1,0,0,0,0,0,0,0,0
476,Taillow,POKEMON,0,0,0,0,0,0,0,0,0,0,0,0,0,0,0,0,0,0,0,0,0
477,Swellow,POKEMON,1,0,1,0,0,0,0,0,0,0,0,0,1,0,0,0,0,0,0,0,0
478,Squawkabilly,POKEMON,0,0,0,0,0,0,0,0,0,0,0,0,0,0,0,0,0,0,0,0,0
479,Snivy,POKEMON,0,0,0,0,0,0,0,0,0,0,0,0,0,0,0,0,0,0,0,0,0
480,Servine,POKEMON,0,0,0,0,0,0,0,0,0,0,0,0,0,0,0,0,0,0,0,0,0
481,Serperior ex,POKEMON,0,0,0,0,0,0,0,0,0,0,0,0,0,0,0,0,0,0,0,0,0
482,Pansage,POKEMON,1,0,1,0,0,0,0,0,0,0,0,0,1,0,0,0,0,0,0,0,0
483,Simisage,POKEMON,0,0,0,0,0,0,0,0,0,0,0,0,0,0,0,0,0,0,0,0,0
484,Petilil,POKEMON,1,0,0,0,0,0,0,0,0,0,0,0,1,1,0,0,0,0,0,0,0
485,Lilligant,POKEMON,0,0,0,0,0,0,0,1,0,0,0,0,0,0,0,0,0,0,0,0,0
486,Maractus,POKEMON,0,0,0,0,0,0,0,0,0,0,0,0,0,0,1,0,0,0,0,0,0
487,Karrablast,POKEMON,0,0,0,0,0,0,0,0,0,0,0,0,0,0,0,0,0,0,0,0,0
488,Foongus,POKEMON,1,0,0,0,0,0,0,1,0,0,0,0,1,0,0,0,0,0,0,0,0
489,Amoonguss,POKEMON,0,0,0,0,0,0,0,0,0,0,0,0,0,0,1,0,0,0,0,0,0
490,Victini,POKEMON,0,0,0,0,0,0,0,0,0,0,0,0,0,0,0,0,0,0,0,0,0
491,Darumaka,POKEMON,0,0,0,0,0,0,0,0,0,0,0,0,0,0,0,0,0,0,0,0,0
492,Darmanitan,POKEMON,0,0,0,0,0,0,0,1,0,0,0,0,0,0,0,0,0,0,0,0,0
493,Litwick,POKEMON,1,0,0,0,0,0,0,0,0,0,0,0,1,0,0,0,0,0,0,0,0
494,Lampent,POKEMON,0,0,0,0,0,0,0,0,0,0,0,0,0,0,0,0,0,0,0,0,0
495,Chandelure,POKEMON,0,0,0,0,0,0,0,0,0,0,0,0,0,0,1,0,0,0,0,0,0
496,Larvesta,POKEMON,0,0,0,0,0,0,0,0,0,0,0,0,0,0,0,0,0,0,0,0,0
497,Volcarona,POKEMON,0,0,0,0,0,0,0,1,0,0,0,0,0,0,0,0,0,0,0,0,0
498,Panpour,POKEMON,1,0,1,0,0,0,0,0,0,0,0,0,1,0,0,0,0,0,0,0,0
499,Simipour,POKEMON,0,0,0,0,0,0,0,0,0,0,0,0,0,0,0,0,0,0,0,0,0
500,Tympole,POKEMON,1,0,0,0,0,0,0,0,0,0,0,0,1,0,0,0,0,0,0,0,0
501,Palpitoad,POKEMON,1,0,0,0,0,0,0,0,0,0,0,0,1,0,0,0,0,0,0,0,0
502,Seismitoad,POKEMON,1,0,0,0,0,0,0,0,0,0,0,0,1,0,0,0,0,0,0,0,0
503,Tirtouga,POKEMON,1,0,0,0,0,0,0,0,0,0,0,0,1,0,0,0,0,0,0,0,0
504,Carracosta,POKEMON,0,0,0,0,0,0,0,0,0,0,0,0,0,1,0,0,0,0,0,0,0
505,Alomomola,POKEMON,0,0,0,0,0,0,0,0,0,0,0,1,0,0,0,0,0,0,0,0,0
506,Cubchoo,POKEMON,0,0,0,0,0,0,0,0,0,0,0,0,0,0,0,0,0,0,0,0,0
507,Beartic,POKEMON,1,0,0,0,0,0,0,0,0,0,0,0,1,0,0,0,0,0,0,0,0
508,Cryogonal,POKEMON,1,0,0,0,1,0,0,0,0,0,0,0,1,0,0,0,0,0,0,0,0
509,Kyurem ex,POKEMON,0,0,0,0,0,0,0,0,0,0,0,0,0,0,0,0,0,0,0,1,0
510,Emolga,POKEMON,1,0,0,1,0,0,0,0,0,0,0,0,1,0,0,0,0,0,0,0,0
511,Tynamo,POKEMON,1,0,0,0,0,1,0,0,0,0,0,0,1,0,0,0,0,0,0,0,0
512,Eelektrik,POKEMON,0,1,0,0,0,0,0,0,0,0,0,0,0,0,0,0,0,0,0,0,0
513,Eelektross,POKEMON,1,0,0,0,0,0,0,1,0,0,0,0,1,0,0,0,0,0,0,0,0
514,Thundurus,POKEMON,1,0,0,1,0,0,0,0,0,0,0,0,1,0,0,0,0,0,0,0,0
515,Zekrom ex,POKEMON,0,0,0,0,0,0,0,0,0,0,0,0,0,0,1,0,0,0,0,1,0
516,Munna,POKEMON,1,0,0,0,0,1,0,1,0,0,0,0,1,0,0,0,0,0,0,0,0
517,Musharna,POKEMON,1,0,0,1,0,0,0,1,0,0,0,0,1,0,0,0,0,0,0,0,0
518,Solosis,POKEMON,0,0,0,0,0,0,0,0,0,0,0,0,0,0,0,0,0,0,0,0,0
519,Duosion,POKEMON,1,0,0,1,0,0,0,0,0,0,0,0,1,0,0,0,0,0,0,0,0
520,Reuniclus,POKEMON,1,0,0,1,0,0,0,0,0,0,0,0,1,0,1,0,0,0,0,0,0
521,Elgyem,POKEMON,1,0,0,0,0,0,0,0,0,1,0,0,1,0,0,0,0,0,0,0,0
522,Beheeyem,POKEMON,1,0,0,0,0,1,0,0,0,0,0,0,1,0,1,0,0,0,0,0,0
523,Golett,POKEMON,0,0,0,0,0,0,0,0,0,0,0,0,0,0,0,0,0,0,0,0,0
524,Golurk,POKEMON,1,0,0,0,0,0,0,0,0,0,0,0,1,0,0,0,0,0,0,0,0
525,Meloetta ex,POKEMON,0,0,0,0,0,0,0,0,0,0,0,0,0,0,1,0,0,0,0,0,0
526,Drilbur,POKEMON,0,0,0,0,0,0,0,0,0,0,0,0,0,0,0,0,0,0,0,0,0
527,Excadrill ex,POKEMON,0,0,0,0,0,0,1,0,0,0,0,0,0,1,0,0,0,0,0,0,0
528,Timburr,POKEMON,0,0,0,0,0,0,0,0,0,0,0,0,0,0,0,0,0,0,0,0,0
529,Gurdurr,POKEMON,0,0,0,0,0,0,0,0,0,0,0,0,0,0,0,0,0,0,0,0,0
530,Conkeldurr,POKEMON,0,0,0,0,0,0,0,0,0,0,0,0,0,0,1,0,0,0,0,0,0
531,Throh,POKEMON,0,0,0,0,0,0,0,0,0,0,0,0,0,0,0,1,0,0,0,0,0
532,Dwebble,POKEMON,1,0,0,0,0,0,0,0,0,0,0,0,1,0,0,0,0,0,0,0,0
533,Crustle,POKEMON,0,0,0,0,0,0,0,0,0,0,0,0,0,0,1,0,0,0,0,0,0
534,Landorus,POKEMON,1,1,0,0,0,0,0,0,0,0,0,0,1,0,0,0,0,0,0,0,0
535,Venipede,POKEMON,1,0,0,0,0,0,0,1,0,0,0,0,1,0,0,0,0,0,0,0,0
536,Whirlipede,POKEMON,0,0,0,0,0,0,0,1,0,0,0,0,0,0,1,0,0,0,0,0,0
537,Scolipede,POKEMON,0,0,0,0,0,0,0,1,0,0,0,0,0,0,1,0,0,0,0,0,0
538,Sandile,POKEMON,0,0,0,0,0,0,0,0,0,0,1,0,0,0,0,0,0,0,0,0,0
539,Krokorok,POKEMON,0,0,0,0,0,0,0,0,0,0,1,0,0,0,0,0,0,0,0,0,0
540,Krookodile,POKEMON,0,0,0,0,0,0,0,0,0,0,1,0,0,0,1,0,0,0,0,0,0
541,Vullaby,POKEMON,0,0,0,0,0,0,0,0,0,0,0,0,0,0,0,0,0,0,0,0,0
542,Mandibuzz,POKEMON,0,0,0,0,0,0,0,0,0,0,1,0,0,0,0,0,0,0,0,0,0
543,Escavalier,POKEMON,0,0,0,0,0,0,0,0,0,0,0,0,0,0,0,0,0,0,0,0,0
544,Pawniard,POKEMON,0,0,0,0,0,0,0,0,0,0,0,0,0,0,0,0,0,0,0,0,0
545,Bisharp,POKEMON,0,0,0,0,0,0,0,0,0,0,0,0,0,0,1,0,0,0,0,0,0
546,Cobalion,POKEMON,0,0,0,0,0,0,0,0,0,0,0,0,0,0,1,0,0,0,0,0,0
547,Genesect ex,POKEMON,0,0,0,1,0,0,0,0,0,0,0,0,0,0,0,0,0,0,0,0,0
548,Axew,POKEMON,1,0,0,1,0,0,0,0,0,0,0,0,1,0,0,0,0,0,0,0,0
549,Fraxure,POKEMON,0,0,0,0,0,0,0,0,0,0,0,0,0,0,0,0,0,0,0,0,0
550,Haxorus,POKEMON,1,0,0,0,0,0,0,0,0,0,0,0,1,0,1,0,0,0,0,0,0
551,Pidove,POKEMON,1,0,0,0,0,0,0,0,0,0,1,0,1,0,0,0,0,0,0,0,0
552,Tranquill,POKEMON,0,0,0,0,0,0,0,0,0,0,0,0,0,1,0,0,0,0,0,0,0
553,Unfezant,POKEMON,1,0,1,0,0,0,0,0,0,0,0,0,1,1,0,0,0,0,0,0,0
554,Audino,POKEMON,0,0,1,0,0,0,0,0,0,0,0,0,0,0,0,0,0,0,0,0,0
555,Minccino,POKEMON,1,0,0,0,0,0,0,0,0,0,0,0,1,0,0,0,0,0,0,0,0
556,Cinccino,POKEMON,0,0,0,0,0,0,0,0,0,0,0,0,0,0,1,0,0,0,0,0,0
557,Sewaddle,POKEMON,0,0,0,0,0,0,0,0,0,0,0,0,0,0,0,0,0,0,0,0,0
558,Swadloon,POKEMON,0,0,0,0,0,1,0,0,0,0,0,0,0,0,0,0,0,0,0,0,0
559,Leavanny,POKEMON,1,0,0,0,0,1,0,0,0,0,0,0,1,0,1,0,0,0,0,0,0
560,Cottonee,POKEMON,0,0,0,0,0,1,0,0,0,0,0,0,0,0,0,0,0,0,0,0,0
561,Whimsicott ex,POKEMON,1,0,0,1,0,0,0,0,0,0,1,0,1,0,0,0,0,0,0,0,0
562,Deerling,POKEMON,0,0,0,0,0,0,0,0,0,0,0,0,0,0,0,0,0,0,0,0,0
563,Sawsbuck,POKEMON,0,0,0,0,0,0,0,0,0,0,0,0,0,0,0,0,0,0,0,0,0
564,Shelmet,POKEMON,0,0,0,0,0,0,0,0,0,0,0,0,0,0,0,0,0,0,0,0,0
565,Accelgor,POKEMON,0,0,0,0,0,0,0,0,0,0,0,0,0,0,0,0,0,0,0,0,0
566,Virizion,POKEMON,0,0,0,0,0,0,0,0,0,0,0,0,0,0,0,0,0,0,0,0,0
567,Tepig,POKEMON,0,0,0,0,0,0,0,0,0,0,0,0,0,0,0,0,0,0,0,0,0
568,Pignite,POKEMON,0,0,0,0,0,0,0,0,0,0,0,0,0,0,0,0,0,0,0,0,0
569,Emboar,POKEMON,0,1,0,0,0,0,0,0,0,0,0,0,0,0,0,0,0,0,0,0,0
570,Pansear,POKEMON,1,0,1,0,0,0,0,0,0,0,0,0,1,0,0,0,0,0,0,0,0
571,Simisear,POKEMON,0,0,0,0,0,0,0,0,0,0,0,0,0,0,0,0,0,0,0,0,0
572,Heatmor,POKEMON,1,0,0,1,0,0,0,0,0,0,0,0,1,0,0,0,0,0,0,0,0
573,Reshiram ex,POKEMON,0,0,0,0,0,0,0,0,0,0,0,0,0,0,1,0,0,0,0,1,0
574,Oshawott,POKEMON,0,0,0,0,0,0,0,0,0,0,0,0,0,0,0,0,0,0,0,0,0
575,Dewott,POKEMON,1,0,0,0,0,0,0,0,0,0,0,0,1,0,0,0,0,0,0,0,0
576,Samurott,POKEMON,0,0,0,0,0,0,0,0,1,0,0,0,0,0,1,0,0,0,0,0,0
577,Basculin,POKEMON,0,0,0,0,0,0,0,0,0,0,0,0,0,0,0,0,0,0,0,0,0
578,Ducklett,POKEMON,1,0,0,0,0,0,0,0,0,0,0,0,1,0,0,0,0,0,0,0,0
579,Swanna,POKEMON,0,0,0,0,0,0,0,0,0,0,0,0,0,0,0,0,0,0,0,0,0
580,Vanillite,POKEMON,0,0,0,0,0,0,0,0,0,0,0,0,0,0,1,0,0,0,0,0,0
581,Vanillish,POKEMON,0,0,0,0,0,0,0,1,0,0,0,0,0,0,0,0,0,0,0,0,0
582,Vanilluxe,POKEMON,1,0,0,0,0,0,0,1,0,0,0,0,1,0,0,0,0,0,0,0,0
583,Keldeo ex,POKEMON,0,0,0,0,0,0,0,0,0,0,0,0,0,1,1,0,0,0,0,0,0
584,Blitzle,POKEMON,0,0,0,0,0,0,0,0,0,0,0,0,0,0,0,0,0,0,0,0,0
585,Zebstrika,POKEMON,0,0,0,0,0,0,0,0,0,0,0,0,0,0,0,0,0,0,0,0,0
586,Joltik,POKEMON,0,0,0,0,0,0,0,0,0,0,0,0,0,0,0,0,0,0,0,0,0
587,Galvantula,POKEMON,1,0,0,0,0,0,0,0,0,0,0,0,1,0,0,0,0,0,0,0,0
588,Stunfisk,POKEMON,0,0,0,0,0,0,0,0,0,0,0,0,0,0,1,0,0,0,0,0,0
589,Woobat,POKEMON,0,0,0,0,0,0,0,0,0,0,0,0,0,0,0,0,0,0,0,0,0
590,Swoobat,POKEMON,1,0,0,0,0,0,0,0,0,0,0,0,1,0,0,0,0,0,0,0,0
591,Sigilyph,POKEMON,1,0,0,0,0,0,0,0,0,0,0,0,1,1,0,0,0,0,0,0,0
592,Yamask,POKEMON,0,0,0,0,0,0,0,0,0,0,0,0,0,0,1,0,0,0,0,0,0
593,Cofagrigus,POKEMON,1,0,0,0,0,0,0,1,0,0,0,0,1,0,0,0,0,0,0,0,0
594,Gothita,POKEMON,0,0,0,0,0,0,0,0,0,0,0,0,0,0,0,0,0,0,0,0,0
595,Gothorita,POKEMON,1,0,0,0,0,0,0,0,0,0,0,0,1,0,0,0,0,0,0,0,0
596,Gothitelle,POKEMON,0,0,1,0,0,0,0,0,0,0,1,0,0,0,1,0,0,0,0,0,0
597,Frillish,POKEMON,0,0,0,0,0,0,0,0,0,0,0,0,0,0,0,0,0,1,0,0,0
598,Jellicent ex,POKEMON,0,0,0,0,0,0,0,0,0,0,0,0,0,0,1,0,0,1,0,0,0
599,Roggenrola,POKEMON,1,0,0,0,0,0,0,0,0,0,0,0,1,1,0,0,0,0,0,0,0
600,Boldore,POKEMON,0,0,0,0,0,0,0,0,0,0,0,0,0,0,1,0,0,0,0,0,0
601,Gigalith,POKEMON,1,0,0,0,0,0,1,0,0,0,0,0,1,0,0,0,0,0,0,0,0
602,Sawk,POKEMON,0,0,0,0,0,0,0,0,0,0,0,0,0,1,0,0,0,0,0,0,0
603,Archen,POKEMON,0,0,0,0,0,0,0,0,0,0,0,0,0,0,1,0,0,0,0,0,0
604,Archeops,POKEMON,0,0,0,0,0,0,0,0,0,0,0,0,0,0,0,0,1,0,0,0,0
605,Mienfoo,POKEMON,0,0,0,0,0,0,0,0,0,0,0,0,0,0,0,0,0,0,0,0,0
606,Mienshao,POKEMON,0,0,0,0,0,0,0,0,0,0,0,0,0,1,0,0,0,0,0,0,0
607,Terrakion,POKEMON,0,0,0,0,0,0,0,0,0,0,0,0,0,0,1,0,0,0,0,0,0
608,Purrloin,POKEMON,1,0,0,1,0,0,0,0,0,0,0,0,1,0,0,0,0,0,0,0,0
609,Liepard,POKEMON,0,0,0,0,0,0,0,0,0,0,0,0,0,0,0,0,0,0,0,0,0
610,Scraggy,POKEMON,0,0,0,0,0,0,0,0,0,0,0,0,0,0,0,0,0,0,0,0,0
611,Scrafty,POKEMON,1,0,0,0,0,0,0,0,0,0,0,0,1,0,0,0,0,0,0,0,0
612,Trubbish,POKEMON,0,0,0,0,0,0,0,0,0,0,0,0,0,0,0,0,0,0,0,0,0
613,Garbodor,POKEMON,0,0,0,0,0,0,0,1,0,0,0,0,0,0,0,0,0,0,0,0,0
614,Zorua,POKEMON,0,0,0,0,0,0,0,0,0,0,0,0,0,0,0,0,0,0,0,0,0
615,Zoroark,POKEMON,1,0,0,0,0,0,0,0,0,0,0,0,1,0,0,0,0,0,0,0,0
616,Deino,POKEMON,0,0,0,0,0,0,0,1,0,0,0,0,0,0,0,0,0,0,0,0,0
617,Zweilous,POKEMON,1,0,0,0,0,0,0,0,0,0,0,0,1,0,0,0,0,0,0,0,0
618,Hydreigon ex,POKEMON,0,0,0,0,0,0,0,0,0,0,0,0,0,0,0,0,0,0,0,1,0
619,Ferroseed,POKEMON,0,0,0,0,0,0,0,0,0,0,0,0,0,0,0,0,0,0,0,0,0
620,Ferrothorn,POKEMON,1,0,0,0,0,0,0,0,0,0,0,0,1,0,0,0,0,0,0,0,0
621,Klink,POKEMON,0,0,0,0,0,0,0,0,0,0,0,0,0,0,0,0,0,0,0,0,0
622,Klang,POKEMON,0,0,0,0,0,0,0,0,0,0,0,0,0,0,0,0,0,0,0,0,0
623,Klinklang,POKEMON,0,0,0,0,0,0,0,0,0,0,0,0,0,0,0,0,0,0,0,0,0
624,Durant,POKEMON,0,0,0,0,0,0,0,0,0,0,0,0,0,0,1,0,0,0,0,0,0
625,Druddigon,POKEMON,0,0,0,0,0,0,0,0,0,0,0,0,0,1,1,0,0,0,0,0,0
626,Patrat,POKEMON,1,0,0,1,0,0,0,0,0,0,0,0,1,0,0,0,0,0,0,0,0
627,Watchog,POKEMON,1,0,0,0,0,0,0,0,0,0,0,0,1,0,0,0,0,0,0,0,0
628,Lillipup,POKEMON,0,0,0,0,0,0,0,0,0,0,0,0,0,0,1,0,0,0,0,0,0
629,Herdier,POKEMON,1,0,0,0,0,0,0,0,0,0,0,0,1,0,0,0,0,0,0,0,0
630,Stoutland,POKEMON,1,0,0,0,0,0,0,0,0,0,0,1,1,0,1,0,0,0,0,0,0
631,Bouffalant ex,POKEMON,0,0,0,0,0,0,0,0,0,0,0,0,0,0,1,0,0,0,0,0,0
632,Rufflet,POKEMON,0,0,0,0,0,0,0,0,0,0,0,0,0,0,0,0,0,0,0,0,0
633,Braviary,POKEMON,0,0,0,0,0,0,0,0,0,0,0,0,0,0,1,0,0,0,0,0,0
634,Tornadus,POKEMON,1,1,0,0,0,0,0,0,0,1,0,0,1,0,0,0,0,0,0,0,0
635,Steven's Baltoy,POKEMON,1,0,0,1,0,0,0,0,0,0,0,0,1,0,0,0,0,0,0,0,0
636,Steven's Claydol,POKEMON,0,0,0,0,0,0,0,1,0,0,0,0,0,0,0,0,0,0,0,0,0
637,Steven's Carbink,POKEMON,0,0,0,0,0,0,0,0,0,0,0,0,0,0,0,0,0,0,0,0,0
638,Steven's Skarmory,POKEMON,1,0,0,0,0,0,0,0,0,0,0,0,1,0,0,0,0,0,0,0,0
639,Steven's Beldum,POKEMON,0,0,0,0,0,0,0,0,0,0,0,0,0,0,0,0,0,0,0,0,0
640,Steven's Metang,POKEMON,0,0,0,0,0,0,0,0,0,0,0,0,0,0,0,0,0,0,0,0,0
641,Steven's Metagross ex,POKEMON,0,0,0,1,0,0,0,0,0,0,0,0,0,0,0,0,0,0,0,0,0
642,Marnie's Purrloin,POKEMON,0,0,0,0,0,0,0,0,0,0,0,0,0,0,1,0,0,0,0,0,0
643,Marnie's Liepard,POKEMON,0,0,0,0,0,0,0,0,0,0,0,0,0,0,1,0,0,0,0,0,0
644,Marnie's Scraggy,POKEMON,0,0,0,0,0,0,0,0,0,0,0,0,0,0,0,0,0,0,0,0,0
645,Marnie's Scrafty,POKEMON,0,0,0,0,0,0,0,0,0,0,0,0,0,0,0,0,0,0,0,0,0
646,Marnie's Impidimp,POKEMON,1,0,1,0,0,0,0,0,0,0,0,0,1,0,0,0,0,0,0,0,0
647,Marnie's Morgrem,POKEMON,0,0,0,0,0,0,0,0,0,0,0,0,0,0,0,0,0,0,0,0,0
648,Marnie's Grimmsnarl ex,POKEMON,0,0,0,1,0,0,0,0,0,0,0,0,0,0,0,0,0,0,0,0,0
649,Marnie's Morpeko,POKEMON,0,0,0,0,0,0,0,0,0,0,0,0,0,0,1,0,0,0,0,0,0
650,Bulbasaur,POKEMON,0,0,0,0,0,0,0,0,0,0,0,0,0,0,0,0,0,0,0,0,0
651,Ivysaur,POKEMON,0,0,0,0,0,0,0,0,0,0,0,0,0,0,0,0,0,0,0,0,0
652,Mega Venusaur ex,POKEMON,0,0,0,0,0,1,0,0,0,1,0,0,0,0,0,0,0,0,0,0,0
653,Exeggcute,POKEMON,1,0,0,1,0,0,0,0,0,0,0,0,1,0,0,0,0,0,0,0,0
654,Exeggutor,POKEMON,0,0,0,0,0,0,0,0,0,0,0,0,0,0,1,0,0,0,0,0,0
655,Celebi,POKEMON,1,0,0,1,0,0,0,0,0,0,0,0,1,0,0,0,0,0,0,0,0
656,Seedot,POKEMON,1,0,0,0,0,1,0,0,0,0,0,0,1,0,0,0,0,0,0,0,0
657,Nuzleaf,POKEMON,0,0,0,0,0,0,0,0,0,0,0,0,0,0,0,0,0,0,0,0,0
658,Shiftry,POKEMON,1,0,0,0,0,0,0,1,0,0,0,0,1,0,0,0,0,0,0,0,0
659,Vulpix,POKEMON,0,0,0,0,0,0,0,0,0,0,0,0,0,0,0,0,0,0,0,0,0
660,Ninetales,POKEMON,1,0,0,0,0,0,0,0,0,0,0,0,1,0,0,0,0,0,0,0,0
661,Numel,POKEMON,1,0,0,1,0,0,0,0,0,0,0,0,1,0,0,0,0,0,0,0,0
662,Mega Camerupt ex,POKEMON,0,0,0,0,0,0,0,1,0,0,0,0,0,0,1,0,0,0,0,0,0
663,Volcanion,POKEMON,1,0,0,0,0,0,0,1,0,0,0,0,1,0,0,0,0,0,0,0,0
664,Scorbunny,POKEMON,0,0,0,0,0,0,0,0,0,0,0,0,0,0,0,0,0,0,0,0,0
665,Raboot,POKEMON,1,0,0,0,0,0,0,0,0,0,0,0,1,0,0,0,0,0,0,0,0
666,Cinderace,POKEMON,0,0,0,1,0,0,0,0,0,0,0,0,0,0,0,0,0,0,0,0,0
667,Corphish,POKEMON,0,0,0,0,0,0,0,0,0,0,0,0,0,0,0,0,0,0,0,0,0
668,Gimmighoul,POKEMON,0,0,0,0,0,0,0,0,0,0,0,0,0,0,0,0,0,0,0,0,0
669,Sandshrew,POKEMON,0,0,0,0,0,0,0,0,0,0,0,0,0,0,0,0,0,0,0,0,0
670,Sandslash,POKEMON,0,0,0,0,0,0,0,0,0,0,0,0,0,0,0,0,0,0,0,0,0
671,Onix,POKEMON,0,0,0,0,0,0,0,1,0,0,0,0,0,0,0,0,0,0,0,0,0
672,Tyrogue,POKEMON,0,0,0,0,0,0,0,0,0,0,0,0,0,0,1,0,0,0,0,0,0
673,Makuhita,POKEMON,0,0,0,0,0,0,0,0,0,0,0,0,0,0,0,0,0,0,0,0,0
674,Hariyama,POKEMON,0,0,0,0,1,0,0,0,0,0,0,0,0,0,0,0,0,0,0,0,0
675,Lunatone,POKEMON,0,0,1,0,0,0,0,0,0,0,0,0,0,0,0,0,0,0,0,0,0
676,Solrock,POKEMON,0,0,0,0,0,0,0,0,0,0,0,0,0,1,0,0,0,0,0,0,0
677,Riolu,POKEMON,0,0,0,0,0,0,0,0,0,0,0,0,0,0,0,0,0,0,0,0,0
678,Mega Lucario ex,POKEMON,0,1,0,0,0,0,0,0,0,0,0,0,0,0,0,0,0,0,0,0,0
679,Croagunk,POKEMON,0,0,0,0,0,0,0,0,0,0,0,0,0,0,0,0,0,0,0,0,0
680,Toxicroak,POKEMON,0,0,0,0,0,0,0,0,0,0,0,0,0,0,0,0,0,0,0,0,0
681,Marshadow,POKEMON,0,0,0,0,0,0,0,0,0,0,0,0,0,1,0,0,0,0,0,0,0
682,Stonjourner,POKEMON,0,0,0,0,0,0,0,0,0,0,0,0,0,0,0,0,0,0,0,0,0
683,Nacli,POKEMON,0,0,0,0,0,0,0,0,0,0,0,0,0,0,0,0,0,0,0,0,0
684,Naclstack,POKEMON,0,0,0,0,0,0,0,0,0,0,0,0,0,1,0,0,0,0,0,0,0
685,Garganacl,POKEMON,0,0,0,0,0,0,0,0,0,0,0,0,0,0,1,0,0,0,0,0,0
686,Crawdaunt,POKEMON,0,0,0,0,0,0,0,0,0,0,0,0,0,0,0,0,0,0,0,0,0
687,Mega Absol ex,POKEMON,1,0,0,0,0,0,0,0,0,0,1,0,1,0,0,0,0,0,0,0,0
688,Spiritomb,POKEMON,0,0,0,0,0,0,0,0,0,0,0,0,0,0,0,0,0,0,0,0,0
689,Yveltal,POKEMON,0,0,0,0,0,0,0,0,0,0,0,0,0,0,0,0,0,0,0,0,0
690,Nickit,POKEMON,0,0,0,0,0,0,0,0,0,0,0,0,0,0,0,0,0,0,0,0,0
691,Thievul,POKEMON,0,0,1,0,0,0,0,0,0,0,0,0,0,0,0,0,0,0,0,0,0
692,Shroodle,POKEMON,0,0,0,0,0,0,0,1,0,0,0,0,0,0,0,0,0,0,0,0,0
693,Grafaiai,POKEMON,0,0,0,0,0,0,0,0,0,0,0,0,0,0,0,0,0,0,0,0,0
694,Steelix,POKEMON,0,0,0,0,0,0,0,0,0,0,0,0,0,0,1,0,0,0,0,1,0
695,Mega Mawile ex,POKEMON,1,0,0,0,0,0,0,0,0,0,0,0,1,0,0,0,0,0,0,1,0
696,Dialga,POKEMON,0,0,0,0,0,0,0,0,0,0,0,0,0,0,1,0,0,0,0,0,0
697,Tinkatink,POKEMON,0,0,0,0,0,0,0,0,0,0,0,0,0,0,0,0,0,0,0,0,0
698,Tinkatuff,POKEMON,0,0,0,0,0,0,0,0,0,0,0,0,0,0,0,0,0,0,0,0,0
699,Tinkaton,POKEMON,0,0,0,0,0,0,0,0,0,0,0,0,0,0,0,0,0,0,0,0,0
700,Gholdengo,POKEMON,1,0,0,1,0,0,0,0,0,0,0,0,1,0,0,0,0,0,0,0,0
701,Spearow,POKEMON,0,0,0,0,0,0,0,0,0,0,0,0,0,0,0,0,0,0,0,0,0
702,Fearow,POKEMON,1,0,0,0,0,0,0,0,0,0,0,0,1,0,0,0,0,0,0,0,0
703,Miltank,POKEMON,1,0,0,0,0,0,0,0,0,0,0,0,1,0,0,0,0,0,0,0,0
704,Yungoos,POKEMON,1,0,1,0,0,0,0,0,0,0,0,0,1,0,0,0,0,0,0,0,0
705,Gumshoos,POKEMON,0,0,0,0,0,0,0,0,0,0,0,0,0,0,0,0,0,0,0,0,0
706,Tangela,POKEMON,1,0,0,0,0,0,0,1,0,0,0,0,1,0,0,0,0,0,0,0,0
707,Tangrowth,POKEMON,0,0,0,0,0,1,0,0,0,0,0,0,0,0,1,0,0,0,0,0,0
708,Chikorita,POKEMON,0,0,0,0,0,0,0,0,0,0,0,0,0,0,0,0,0,0,0,0,0
709,Bayleef,POKEMON,0,0,0,0,0,0,0,0,0,0,0,0,0,0,0,0,0,0,0,0,0
710,Meganium,POKEMON,0,0,0,0,0,0,0,0,0,0,0,0,0,0,0,0,0,0,0,0,0
711,Shuckle,POKEMON,0,0,0,0,0,1,0,0,0,0,0,0,0,0,0,0,0,0,0,0,0
712,Nincada,POKEMON,0,0,0,0,0,0,0,0,0,0,0,0,0,0,0,0,0,0,0,0,0
713,Ninjask,POKEMON,0,0,0,1,0,0,0,0,0,0,0,0,0,0,0,0,0,0,0,0,0
714,Dhelmise,POKEMON,0,0,0,0,0,0,0,0,0,0,0,0,0,0,1,0,0,0,0,0,0
715,Litleo,POKEMON,0,0,0,0,0,0,0,0,0,0,0,0,0,0,0,0,0,0,0,0,0
716,Pyroar,POKEMON,0,0,0,0,0,0,0,1,0,0,0,0,0,0,0,0,0,0,0,0,0
717,Sizzlipede,POKEMON,0,0,0,0,0,0,0,0,0,0,0,0,0,0,0,0,0,0,0,0,0
718,Centiskorch,POKEMON,0,0,0,0,0,0,0,0,0,0,0,0,0,0,0,0,0,0,0,0,0
719,Chi-Yu,POKEMON,0,0,0,0,0,0,0,0,0,0,0,0,0,0,0,0,0,0,0,0,0
720,Mantine,POKEMON,1,0,0,1,0,0,0,0,0,0,0,0,1,0,0,0,0,0,0,0,0
721,Kyogre,POKEMON,1,0,0,0,0,0,0,0,0,0,0,0,1,0,0,0,0,0,0,0,0
722,Snover,POKEMON,0,0,0,0,0,0,0,0,0,0,0,0,0,0,0,0,0,0,0,0,0
723,Mega Abomasnow ex,POKEMON,1,0,0,0,0,0,0,0,0,0,0,0,1,0,0,0,0,0,0,0,0
724,Clauncher,POKEMON,0,0,0,0,0,0,0,0,0,0,0,0,0,0,0,0,0,0,0,0,0
725,Clawitzer,POKEMON,0,1,0,0,0,0,0,0,0,0,0,0,0,0,0,0,0,0,0,0,0
726,Sobble,POKEMON,0,0,0,0,0,0,0,0,0,0,0,0,0,0,0,0,0,0,0,0,0
727,Drizzile,POKEMON,1,0,0,0,0,0,0,0,0,0,0,0,1,0,0,0,0,0,0,0,0
728,Inteleon,POKEMON,1,0,0,0,0,0,0,0,0,0,0,0,1,0,0,0,0,0,0,0,0
729,Snom,POKEMON,1,0,0,0,0,0,0,0,0,0,0,0,1,1,0,0,0,0,0,0,0
730,Frosmoth,POKEMON,1,0,0,0,0,0,0,1,0,0,0,0,1,0,0,0,0,0,0,0,0
731,Eiscue,POKEMON,0,0,0,0,0,0,0,1,0,0,0,0,0,0,0,0,0,0,0,0,0
732,Magnemite,POKEMON,0,0,0,0,0,0,0,0,0,0,0,0,0,0,0,0,0,0,0,0,0
733,Magneton,POKEMON,0,0,0,0,0,0,0,1,0,0,0,0,0,0,0,0,0,0,0,0,0
734,Magnezone,POKEMON,0,0,0,0,0,0,0,0,0,0,0,0,0,0,1,0,0,0,0,0,0
735,Raikou,POKEMON,0,0,0,0,0,0,0,0,0,0,0,0,0,0,1,0,0,0,0,0,0
736,Electrike,POKEMON,0,0,0,0,0,0,0,0,0,0,0,0,0,0,0,0,0,0,0,0,0
737,Mega Manectric ex,POKEMON,0,0,0,0,0,0,0,0,0,0,0,0,0,1,1,0,0,0,0,0,0
738,Pachirisu,POKEMON,0,0,0,0,0,0,0,0,0,0,0,0,0,0,0,0,0,0,0,0,0
739,Helioptile,POKEMON,1,0,0,0,0,0,0,0,0,0,0,0,1,0,0,0,0,0,0,0,0
740,Heliolisk,POKEMON,0,0,0,0,0,0,0,1,0,0,0,0,0,0,0,0,0,0,0,0,0
741,Abra,POKEMON,0,0,0,0,0,0,0,0,0,0,0,0,0,0,0,0,0,0,0,0,0
742,Kadabra,POKEMON,0,0,1,0,0,0,0,0,0,0,0,0,0,0,0,0,0,0,0,0,0
743,Alakazam,POKEMON,1,0,1,0,0,0,1,0,0,0,0,0,1,0,0,0,0,0,0,0,0
744,Jynx,POKEMON,0,0,0,0,0,0,0,0,0,0,0,0,0,0,1,0,0,0,0,0,0
745,Ralts,POKEMON,1,0,1,0,0,0,0,0,0,0,0,0,1,0,0,0,0,0,0,0,0
746,Kirlia,POKEMON,1,0,0,1,0,0,0,0,0,0,0,0,1,0,0,0,0,0,0,0,0
747,Mega Gardevoir ex,POKEMON,1,0,0,1,0,0,0,0,0,0,0,0,1,0,0,0,0,0,0,0,0
748,Shedinja,POKEMON,1,0,0,0,0,0,0,0,0,0,0,0,1,0,0,0,0,0,0,1,0
749,Spoink,POKEMON,1,0,0,0,0,0,0,0,0,0,0,0,1,0,0,0,0,0,0,0,0
750,Grumpig,POKEMON,0,1,0,0,0,0,0,0,0,0,0,0,0,0,0,0,0,0,0,0,0
751,Xerneas,POKEMON,1,0,0,1,0,0,0,0,0,0,0,0,1,0,0,0,0,0,0,0,0
752,Greavard,POKEMON,0,0,0,0,0,0,0,0,0,0,0,0,0,0,0,0,0,0,0,0,0
753,Houndstone,POKEMON,0,0,0,0,0,0,0,0,0,0,0,0,0,0,0,0,0,0,0,0,0
754,Mega Latias ex,POKEMON,0,0,0,0,0,0,0,0,0,0,0,0,0,0,0,0,0,0,0,0,0
755,Latios,POKEMON,0,0,0,0,0,0,0,0,0,1,0,0,0,0,0,0,0,0,0,0,0
756,Mega Kangaskhan ex,POKEMON,0,0,1,0,0,0,0,0,0,0,0,0,0,0,1,0,0,0,0,0,0
757,Delibird,POKEMON,1,0,0,1,0,0,0,0,0,0,0,0,1,0,0,0,0,0,0,0,0
758,Buneary,POKEMON,1,0,0,0,0,0,0,0,0,0,0,0,1,0,0,0,0,0,0,0,0
759,Lopunny,POKEMON,1,0,0,0,0,0,0,0,0,0,0,0,1,0,0,0,0,0,0,0,0
760,Stufful,POKEMON,0,0,0,0,0,0,0,0,0,0,0,0,0,0,0,0,0,0,0,0,0
761,Bewear,POKEMON,0,0,0,0,0,0,0,0,0,0,0,0,0,0,1,0,0,0,0,0,0
762,Snubbull,POKEMON,0,0,0,0,0,0,0,0,0,0,0,0,0,0,0,0,0,0,0,0,0
763,Granbull,POKEMON,0,0,0,0,0,0,0,0,0,0,0,0,0,0,1,0,0,0,0,0,0
764,Cresselia,POKEMON,1,0,0,1,0,0,0,0,0,0,0,0,1,0,0,0,0,0,0,0,0
765,Meloetta,POKEMON,1,0,0,0,0,1,0,0,0,0,0,0,1,0,0,0,0,0,0,0,0
766,Mega Diancie ex,POKEMON,1,0,0,0,0,0,0,0,0,0,0,0,1,0,0,0,0,0,0,0,0
767,Mimikyu,POKEMON,1,0,0,1,0,0,0,0,0,0,0,0,1,0,0,0,0,0,0,0,0
768,Milcery,POKEMON,0,0,0,0,0,1,0,0,0,0,0,0,0,0,0,0,0,0,0,0,0
769,Alcremie,POKEMON,1,0,0,0,0,0,0,0,0,0,0,0,1,0,0,0,0,0,0,0,0
770,Gastly,POKEMON,0,0,0,0,0,0,0,0,0,0,0,0,0,0,0,0,0,0,0,0,0
771,Haunter,POKEMON,0,0,0,0,0,0,0,0,0,0,0,0,0,0,0,0,0,0,0,0,0
772,Mega Gengar ex,POKEMON,0,0,0,0,0,0,0,0,0,1,0,0,0,0,0,0,0,0,0,1,0
773,Murkrow,POKEMON,0,0,0,0,0,0,0,0,0,0,0,0,0,0,1,0,0,0,0,0,0
774,Honchkrow,POKEMON,1,0,0,0,0,0,0,0,0,0,0,0,1,0,0,0,0,0,0,0,0
775,Sableye,POKEMON,0,0,0,0,0,0,0,0,0,0,0,0,0,0,1,0,0,0,0,0,0
776,Absol,POKEMON,1,0,1,0,0,0,0,0,0,0,0,0,1,0,0,0,0,0,0,0,0
777,Eternatus,POKEMON,0,0,0,0,0,0,0,0,0,0,0,0,0,0,0,0,0,0,0,0,0
778,Oddish,POKEMON,0,0,0,0,0,0,0,0,0,0,0,0,0,0,0,0,0,0,0,0,0
779,Gloom,POKEMON,0,0,0,0,0,0,0,0,0,0,0,0,0,0,0,0,0,0,0,0,0
780,Vileplume,POKEMON,0,0,0,0,0,0,0,1,0,0,0,0,0,0,1,0,0,0,0,0,0
781,Mega Heracross ex,POKEMON,0,0,0,0,0,0,0,0,0,0,0,0,0,0,0,0,0,0,0,0,0
782,Lotad,POKEMON,0,0,0,0,0,0,0,0,0,0,0,0,0,0,0,0,0,0,0,0,0
783,Lombre,POKEMON,0,0,0,0,0,1,0,0,0,0,0,0,0,0,0,0,0,0,0,0,0
784,Ludicolo,POKEMON,0,0,0,0,0,1,0,0,0,0,0,0,0,0,0,0,0,0,0,0,0
785,Genesect,POKEMON,1,0,0,0,0,0,0,0,0,0,0,0,1,0,0,0,0,0,0,0,0
786,Nymble,POKEMON,1,0,0,0,0,0,0,0,0,0,0,0,1,0,0,0,0,0,0,0,0
787,Lokix,POKEMON,0,0,0,0,0,0,0,0,0,0,0,0,0,0,0,0,0,0,0,0,0
788,Charmander,POKEMON,0,0,0,0,0,0,0,0,0,0,0,0,0,0,0,0,0,0,0,0,0
789,Charmeleon,POKEMON,0,0,0,0,0,0,0,0,0,0,0,0,0,0,0,0,0,0,0,0,0
790,Mega Charizard X ex,POKEMON,1,0,0,0,0,0,0,0,0,0,0,0,1,0,0,0,0,0,0,0,0
791,Moltres,POKEMON,0,0,0,0,0,0,0,0,0,0,0,0,0,0,1,0,0,0,0,0,0
792,Darumaka,POKEMON,0,0,0,0,0,0,0,0,0,0,0,0,0,0,1,0,0,0,0,0,0
793,Darmanitan,POKEMON,0,0,0,0,0,0,0,0,0,0,0,0,0,0,1,0,0,0,0,0,0
794,Reshiram,POKEMON,0,0,0,0,0,0,0,0,0,0,0,0,0,0,0,0,0,0,0,0,0
795,Oricorio ex,POKEMON,0,1,0,0,0,0,0,0,0,0,0,0,0,0,0,0,0,0,0,0,0
796,Charcadet,POKEMON,1,0,0,1,0,0,0,0,0,0,0,0,1,0,0,0,0,0,0,0,0
797,Ceruledge,POKEMON,0,0,0,0,0,0,0,0,0,0,0,0,0,0,0,0,0,0,0,0,0
798,Seel,POKEMON,0,0,0,0,0,1,0,0,0,0,0,0,0,0,0,0,0,0,0,0,0
799,Dewgong,POKEMON,1,0,0,0,0,0,0,0,0,0,0,0,1,0,0,0,0,0,0,0,0
800,Swinub,POKEMON,0,0,0,0,0,0,0,0,0,0,0,0,0,0,0,0,0,0,0,0,0
801,Piloswine,POKEMON,0,0,0,0,0,0,0,0,0,0,0,0,0,0,1,0,0,0,0,0,0
802,Mamoswine,POKEMON,0,0,0,0,0,0,0,0,0,0,0,0,0,0,1,0,0,0,0,0,0
803,Suicune,POKEMON,0,0,0,0,0,0,0,0,0,0,0,0,0,0,1,0,0,0,0,0,0
804,Piplup,POKEMON,1,0,0,1,0,0,0,0,0,0,0,0,1,0,0,0,0,0,0,0,0
805,Prinplup,POKEMON,1,0,0,0,0,0,0,0,0,0,0,0,1,0,0,0,0,0,0,0,0
806,Rotom ex,POKEMON,0,0,0,0,0,0,0,0,0,0,0,0,0,0,0,0,0,0,0,0,0
807,Yamper,POKEMON,0,0,0,0,0,0,0,0,0,0,0,0,0,0,1,0,0,0,0,0,0
808,Boltund,POKEMON,0,0,0,0,0,0,0,0,0,0,0,0,0,0,1,0,0,0,0,0,0
809,Pawmi,POKEMON,1,0,0,0,0,0,0,0,0,0,0,0,1,0,0,0,0,0,0,0,0
810,Pawmo,POKEMON,0,0,0,0,0,0,0,0,0,0,0,0,0,0,0,0,0,0,0,0,0
811,Pawmot,POKEMON,0,0,0,0,0,0,0,1,0,0,0,0,0,0,0,0,0,0,0,0,0
812,Misdreavus,POKEMON,0,0,0,0,0,0,0,0,0,0,0,0,0,0,0,0,0,0,0,0,0
813,Mismagius ex,POKEMON,0,0,1,0,0,0,0,1,0,0,0,0,0,0,0,0,0,0,0,0,0
814,Cottonee,POKEMON,1,0,1,0,0,0,0,0,0,0,0,0,1,0,0,0,0,0,0,0,0
815,Whimsicott,POKEMON,1,0,0,0,0,0,0,0,0,0,0,0,1,0,0,0,0,0,0,0,0
816,Zacian,POKEMON,0,0,0,0,0,0,0,0,0,0,0,0,0,0,1,0,0,0,0,1,0
817,Bramblin,POKEMON,1,0,0,0,0,0,1,0,0,0,0,0,1,0,0,0,0,0,0,0,0
818,Brambleghast,POKEMON,0,0,0,0,0,0,0,1,0,0,0,0,0,0,0,0,0,0,0,0,0
819,Paldean Tauros,POKEMON,1,0,0,0,0,0,0,0,0,0,0,0,1,0,0,0,0,0,0,0,0
820,Gligar,POKEMON,0,0,0,0,0,0,0,1,0,0,0,0,0,0,0,0,0,0,0,0,0
821,Gliscor,POKEMON,0,0,0,0,0,0,0,1,0,0,0,0,0,0,0,0,0,0,0,0,0
822,Trapinch,POKEMON,1,0,0,0,0,0,0,0,0,0,0,0,1,0,0,0,0,0,0,0,0
823,Vibrava,POKEMON,0,0,0,0,0,0,0,0,0,0,0,0,0,0,0,0,0,0,0,0,0
824,Flygon,POKEMON,0,0,0,0,0,0,0,0,0,0,0,0,0,0,0,0,0,0,0,0,0
825,Sneasel,POKEMON,0,0,0,0,0,0,0,0,0,0,0,0,0,0,0,0,0,0,0,0,0
826,Weavile,POKEMON,0,0,0,0,0,0,0,0,0,0,0,0,0,0,1,0,0,0,0,0,0
827,Carvanha,POKEMON,0,0,0,0,0,0,0,0,0,0,0,0,0,0,0,0,0,0,0,0,0
828,Mega Sharpedo ex,POKEMON,0,0,1,0,0,0,0,0,0,0,0,0,0,0,1,0,0,0,0,0,0
829,Seviper,POKEMON,0,0,0,0,0,0,0,0,0,0,0,0,0,0,1,0,0,0,0,0,0
830,Sandile,POKEMON,0,0,0,0,0,0,0,0,0,0,0,0,0,0,0,0,0,0,0,0,0
831,Krokorok,POKEMON,0,0,0,0,0,0,0,0,0,0,0,0,0,0,0,0,0,0,0,0,0
832,Krookodile,POKEMON,0,0,0,0,0,0,0,0,0,0,0,0,0,0,1,0,0,0,0,0,0
833,Toxel,POKEMON,1,0,0,1,0,0,0,0,0,0,0,0,1,0,0,0,0,0,0,0,0
834,Toxtricity,POKEMON,0,0,0,1,0,0,0,0,0,0,0,0,0,0,0,0,0,0,0,0,0
835,Empoleon ex,POKEMON,0,0,0,0,0,0,0,0,0,0,0,0,0,0,0,0,0,0,0,0,0
836,Bronzor,POKEMON,1,0,0,0,0,0,0,0,0,0,0,0,1,1,0,0,0,0,0,0,0
837,Bronzong,POKEMON,1,0,1,0,0,0,0,0,0,0,0,0,1,0,0,0,0,0,0,0,0
838,Togedemaru,POKEMON,1,0,0,1,0,0,0,0,0,0,0,0,1,0,0,0,0,0,0,0,0
839,Duraludon,POKEMON,0,0,0,0,0,0,0,0,0,0,0,0,0,0,0,0,0,0,0,0,0
840,Archaludon,POKEMON,0,0,0,0,0,0,0,0,0,0,0,0,0,1,0,0,0,0,0,0,0
841,Jigglypuff,POKEMON,1,0,0,0,0,0,0,0,0,0,0,0,1,0,0,0,0,0,0,0,0
842,Wigglytuff,POKEMON,1,0,0,0,0,0,0,0,0,0,0,0,1,0,0,0,0,0,0,0,0
843,Aipom,POKEMON,0,0,0,0,0,0,0,0,0,0,0,0,0,0,0,0,0,0,0,0,0
844,Ambipom,POKEMON,1,0,0,0,0,0,0,0,0,0,0,0,1,0,0,0,0,0,0,0,0
845,Smeargle,POKEMON,1,0,0,0,0,0,0,0,0,0,0,0,1,0,0,0,0,0,0,0,0
846,Zigzagoon,POKEMON,0,0,0,0,0,0,0,0,0,0,0,0,0,0,0,0,0,0,0,0,0
847,Linoone,POKEMON,0,0,0,0,0,0,0,0,0,0,0,0,0,0,0,0,0,0,0,0,0
848,Buneary,POKEMON,1,0,0,0,0,0,0,0,0,0,0,0,1,0,0,0,0,0,0,0,0
849,Mega Lopunny ex,POKEMON,0,0,0,0,0,0,0,0,0,0,0,0,0,1,1,0,0,0,0,0,0
850,Wurmple,POKEMON,0,0,0,0,0,0,0,0,0,0,0,0,0,0,0,0,0,0,0,0,0
851,Silcoon,POKEMON,0,0,0,1,0,0,0,0,0,0,0,0,0,0,0,0,0,0,0,0,0
852,Beautifly,POKEMON,1,0,0,0,0,0,0,1,0,0,1,0,1,0,0,0,0,0,0,0,0
853,Cascoon,POKEMON,1,0,0,0,0,0,0,0,0,0,0,0,1,0,0,0,0,0,0,0,0
854,Dustox,POKEMON,0,0,0,0,0,0,0,1,0,0,0,0,0,0,0,0,0,0,0,0,0
855,Entei,POKEMON,0,0,0,0,0,0,0,0,0,0,0,0,0,0,1,0,0,0,0,0,0
856,Numel,POKEMON,0,0,0,0,0,0,0,1,0,0,0,0,0,0,0,0,0,0,0,0,0
857,Camerupt,POKEMON,0,0,0,0,0,0,0,1,0,0,0,0,0,0,0,0,0,0,0,0,0
858,Psyduck,POKEMON,0,0,0,0,0,0,0,0,0,0,0,0,0,0,0,0,0,0,0,0,0
859,Golduck,POKEMON,0,0,0,0,0,0,0,0,0,0,0,0,0,0,1,0,0,0,0,0,0
860,Snorunt,POKEMON,0,0,0,0,0,0,0,0,0,0,0,0,0,0,0,0,0,0,0,0,0
861,Mega Froslass ex,POKEMON,1,0,0,0,0,0,0,1,0,0,0,0,1,0,0,0,0,0,0,0,0
862,N's Vanillite,POKEMON,1,0,0,1,0,0,0,0,0,0,0,0,1,0,0,0,0,0,0,0,0
863,N's Vanillish,POKEMON,0,0,0,0,0,0,0,0,0,0,0,0,0,0,0,0,0,0,0,0,0
864,N's Vanilluxe,POKEMON,1,0,0,0,0,0,1,0,0,0,0,0,1,0,0,0,0,0,0,0,0
865,Snom,POKEMON,0,0,0,0,0,0,0,0,0,0,0,0,0,0,0,0,0,0,0,0,0
866,Frosmoth,POKEMON,0,0,0,0,0,0,0,0,0,1,0,0,0,0,0,0,0,0,0,0,0
867,Glastrier,POKEMON,0,0,0,0,0,0,0,0,0,0,0,0,0,0,0,0,0,0,0,0,0
868,Mega Eelektross ex,POKEMON,1,0,0,0,0,0,0,1,0,0,0,0,1,0,0,0,0,0,0,0,0
869,Stunfisk,POKEMON,0,0,0,0,0,0,0,0,0,0,0,0,0,0,1,0,0,0,0,0,0
870,Helioptile,POKEMON,0,0,0,0,0,0,0,0,0,0,0,0,0,0,0,0,0,0,0,0,0
871,Heliolisk,POKEMON,1,0,0,1,0,0,0,0,0,0,0,0,1,0,0,0,0,0,0,0,0
872,Tapu Koko,POKEMON,1,0,1,0,0,0,0,0,0,0,0,0,1,0,0,0,0,0,0,0,0
873,Team Rocket's Exeggcute,POKEMON,0,0,0,0,0,0,0,0,0,0,0,0,0,0,1,0,0,0,0,0,0
874,Team Rocket's Exeggutor,POKEMON,1,0,0,0,0,0,0,0,0,0,0,0,1,0,0,0,0,0,0,0,0
875,Misdreavus,POKEMON,1,0,0,1,0,0,0,0,0,0,0,0,1,0,0,0,0,0,0,0,0
876,Mismagius,POKEMON,0,0,0,0,0,0,1,0,0,0,0,0,0,0,0,0,0,0,0,0,0
877,Rotom,POKEMON,1,0,0,1,0,0,0,0,0,0,0,0,1,0,0,0,0,0,0,0,0
878,Hop's Phantump,POKEMON,0,0,0,0,0,0,0,0,0,0,0,0,0,1,0,0,0,0,0,0,0
879,Hop's Trevenant,POKEMON,0,0,0,0,0,0,0,0,0,0,0,0,0,0,1,0,0,0,0,0,0
880,Spectrier,POKEMON,1,0,0,0,0,0,1,0,0,0,0,0,1,0,0,0,0,0,0,0,0
881,Team Rocket's Diglett,POKEMON,1,0,0,0,0,0,0,0,0,0,0,0,1,0,0,0,0,0,0,0,0
882,Team Rocket's Dugtrio,POKEMON,0,0,0,0,0,0,0,0,0,0,0,0,0,0,0,0,0,0,0,0,0
883,Meditite,POKEMON,1,0,1,0,0,0,0,0,0,0,0,0,1,0,0,0,0,0,0,0,0
884,Medicham,POKEMON,0,0,0,0,0,0,0,0,0,0,0,0,0,0,0,0,0,0,0,0,0
885,Pancham,POKEMON,0,0,0,0,0,0,0,0,0,0,0,0,0,0,0,0,0,0,0,0,0
886,Mega Hawlucha ex,POKEMON,0,0,0,0,0,0,0,0,0,0,0,0,0,0,1,0,0,0,0,0,0
887,Rolycoly,POKEMON,0,0,0,0,0,0,0,0,0,0,0,0,0,0,0,0,0,0,0,0,0
888,Carkol,POKEMON,0,0,0,0,0,0,0,0,0,0,0,0,0,0,0,0,0,0,0,0,0
889,Coalossal,POKEMON,1,0,0,0,0,0,0,0,0,0,0,0,1,0,0,0,0,0,0,0,0
890,Okidogi,POKEMON,0,0,0,0,0,0,0,0,0,0,0,0,0,0,1,0,0,0,0,1,0
891,Team Rocket's Honchkrow,POKEMON,1,0,0,0,0,0,0,0,0,0,0,0,1,0,0,0,0,0,0,0,0
892,Galarian Zigzagoon,POKEMON,0,0,0,0,0,0,0,0,0,0,0,0,0,0,0,0,0,0,0,0,0
893,Galarian Linoone,POKEMON,0,0,0,0,0,0,0,0,0,0,0,0,0,0,0,0,0,0,0,0,0
894,Galarian Obstagoon,POKEMON,1,0,0,0,0,0,0,0,0,0,0,0,1,0,0,0,0,0,0,0,0
895,Scraggy,POKEMON,0,0,0,0,0,0,0,0,0,0,0,0,0,0,0,0,0,0,0,0,0
896,Mega Scrafty ex,POKEMON,0,0,0,0,0,0,0,0,0,0,0,0,0,0,0,0,0,0,0,0,0
897,Pangoro,POKEMON,0,0,0,0,0,0,0,0,0,0,0,0,0,0,1,0,0,0,0,0,0
898,Pecharunt,POKEMON,0,0,0,1,0,0,0,0,0,0,0,0,0,0,1,0,0,0,0,0,0
899,Pawniard,POKEMON,0,0,0,0,0,0,0,0,0,0,0,0,0,0,0,0,0,0,0,0,0
900,Bisharp,POKEMON,0,0,1,0,0,0,0,0,0,0,0,0,0,0,0,0,0,0,0,0,0
901,Kingambit,POKEMON,0,0,0,0,0,0,0,0,0,0,0,0,0,0,1,0,0,0,0,1,0
902,Dratini,POKEMON,0,0,0,0,0,0,0,0,0,0,0,0,0,0,0,0,0,0,0,0,0
903,Dragonair,POKEMON,0,0,0,1,0,0,0,0,0,0,0,0,0,0,0,0,0,0,0,0,0
904,Mega Dragonite ex,POKEMON,0,0,0,0,0,0,0,0,1,0,0,0,0,0,0,0,0,0,0,0,0
905,Rayquaza,POKEMON,0,0,0,0,0,0,0,0,0,0,0,0,0,0,1,0,0,0,0,0,0
906,N's Zekrom,POKEMON,0,0,0,0,0,0,0,0,0,0,0,0,0,1,0,0,0,0,0,0,0
907,Noibat,POKEMON,1,0,0,1,0,0,0,0,0,0,0,0,1,0,0,0,0,0,0,0,0
908,Noivern,POKEMON,0,0,0,0,0,0,0,0,0,0,0,0,0,1,1,0,0,0,0,0,0
909,Erika's Oddish,POKEMON,0,0,0,0,0,0,0,0,0,0,0,0,0,0,0,0,0,0,0,0,0
910,Erika's Gloom,POKEMON,0,0,0,0,0,0,0,1,0,0,0,0,0,0,0,0,0,0,0,0,0
911,Erika's Vileplume ex,POKEMON,0,0,0,0,0,1,0,1,0,0,0,0,0,0,0,0,0,0,0,0,0
912,Erika's Bellsprout,POKEMON,0,0,0,0,0,0,0,0,0,0,0,0,0,0,0,0,0,0,0,0,0
913,Erika's Weepinbell,POKEMON,0,0,0,0,0,0,0,0,0,0,0,0,0,0,0,0,0,0,0,0,0
914,Erika's Victreebel,POKEMON,1,0,0,0,0,0,0,0,0,0,0,0,1,0,0,0,0,0,0,0,0
915,Erika's Tangela,POKEMON,0,0,0,1,0,0,0,1,0,0,0,0,0,0,0,0,0,0,0,0,0
916,Scyther,POKEMON,0,0,0,0,0,0,0,0,0,0,0,0,0,0,0,0,0,0,0,0,0
917,Chikorita,POKEMON,1,0,0,0,0,0,0,0,0,0,0,0,1,0,0,0,0,0,0,0,0
918,Bayleef,POKEMON,0,0,0,0,0,0,0,0,0,0,0,0,0,0,0,0,0,0,0,0,0
919,Mega Meganium ex,POKEMON,0,0,0,0,0,0,0,0,0,0,0,0,0,0,1,0,0,0,0,0,0
920,Tapu Bulu,POKEMON,0,0,0,0,0,0,0,0,0,0,0,0,0,0,0,0,0,0,0,0,0
921,Dipplin,POKEMON,0,0,0,0,0,0,0,0,0,0,0,0,0,1,0,0,0,0,0,0,0
922,Sprigatito,POKEMON,1,0,0,0,0,0,0,0,0,0,0,0,1,0,0,0,0,0,0,0,0
923,Floragato,POKEMON,0,0,0,0,0,1,0,0,0,0,0,0,0,0,1,0,0,0,0,0,0
924,Meowscarada,POKEMON,0,0,0,0,0,0,0,0,0,0,0,0,0,0,1,0,0,0,0,0,0
925,Capsakid,POKEMON,0,0,0,0,0,0,0,0,0,0,0,0,0,0,0,0,0,0,0,0,0
926,Charmander,POKEMON,0,0,0,0,0,0,0,0,0,0,0,0,0,0,0,0,0,0,0,0,0
927,Charmeleon,POKEMON,0,0,0,0,0,0,0,0,0,0,0,0,0,0,0,0,0,0,0,0,0
928,Mega Charizard Y ex,POKEMON,1,0,0,0,0,0,0,0,0,0,0,0,1,0,0,0,0,0,0,0,0
929,Magmar,POKEMON,0,0,0,0,0,0,0,1,0,0,0,0,0,0,0,0,0,0,0,0,0
930,Tepig,POKEMON,0,0,0,0,0,0,0,0,0,0,0,0,0,0,0,0,0,0,0,0,0
931,Pignite,POKEMON,0,0,0,0,0,0,0,1,0,0,0,0,0,0,0,0,0,0,0,0,0
932,Mega Emboar ex,POKEMON,0,0,0,0,0,0,0,0,0,0,0,0,0,0,0,0,0,0,0,0,0
933,Larvesta,POKEMON,0,0,0,0,0,0,0,0,0,0,0,0,0,0,0,0,0,0,0,0,0
934,Centiskorch,POKEMON,0,0,0,0,0,0,0,0,0,0,0,0,0,0,0,0,0,0,0,0,0
935,Fuecoco,POKEMON,0,0,0,0,0,0,0,1,0,0,0,0,0,0,0,0,0,0,0,0,0
936,Crocalor,POKEMON,0,0,0,0,0,0,0,0,0,0,0,0,0,0,1,0,0,0,0,0,0
937,Totodile,POKEMON,0,0,0,0,0,0,0,0,0,0,0,0,0,0,0,0,0,0,0,0,0
938,Croconaw,POKEMON,0,0,0,0,0,0,0,0,0,0,0,0,0,0,0,0,0,0,0,0,0
939,Mega Feraligatr ex,POKEMON,0,0,0,0,0,0,0,0,0,0,0,0,0,0,1,0,0,0,0,0,0
940,Glalie,POKEMON,1,0,0,0,0,0,0,0,0,0,0,0,1,0,0,0,0,0,0,0,0
941,Spheal,POKEMON,0,0,0,0,0,0,0,1,0,0,0,0,0,0,0,0,0,0,0,0,0
942,Sealeo,POKEMON,0,0,0,0,0,0,0,0,0,0,0,0,0,0,0,0,0,0,0,0,0
943,Walrein,POKEMON,0,0,0,0,0,0,0,0,0,0,0,0,0,0,0,0,0,0,0,0,0
944,Regice ex,POKEMON,1,1,0,0,0,0,0,1,0,0,0,0,1,0,0,0,0,0,0,0,0
945,Froakie,POKEMON,0,0,0,0,0,0,0,0,0,0,0,0,0,0,0,0,0,0,0,0,0
946,Cramorant,POKEMON,1,0,0,0,0,0,0,0,0,0,0,0,1,0,0,0,0,0,0,0,0
947,Quaxly,POKEMON,0,0,0,0,0,0,0,0,0,0,0,0,0,0,1,0,0,0,0,0,0
948,Pikachu,POKEMON,0,0,0,0,0,0,0,0,0,0,0,0,0,0,0,0,0,0,0,0,0
949,Raichu,POKEMON,0,0,0,0,0,0,0,0,0,0,0,0,0,0,1,0,0,0,0,0,0
950,Magnemite,POKEMON,0,0,0,0,0,0,0,0,0,0,0,0,0,0,0,0,0,0,0,0,0
951,Voltorb ex,POKEMON,0,0,0,0,0,0,0,0,0,0,0,0,0,0,1,0,0,0,0,0,0
952,Zapdos,POKEMON,0,0,0,0,0,0,0,0,0,0,0,0,0,0,1,0,0,0,0,0,0
953,Zapdos,POKEMON,1,0,0,0,0,0,0,1,0,0,0,0,1,0,0,0,0,0,0,0,0
954,Luxray ex,POKEMON,0,0,0,0,0,0,0,0,0,0,1,0,0,0,0,0,0,0,0,0,0
955,Helioptile,POKEMON,1,0,1,0,0,0,0,0,0,0,0,0,1,0,0,0,0,0,0,0,0
956,Zeraora,POKEMON,0,0,0,0,0,0,0,0,0,0,0,0,0,0,1,0,0,0,0,0,0
957,Miraidon ex,POKEMON,0,0,0,0,0,0,0,0,0,0,0,0,0,0,1,0,0,0,0,0,0
958,Clefable,POKEMON,1,0,0,0,0,0,0,0,0,0,0,0,1,0,0,0,0,0,0,0,0
959,Togepi,POKEMON,0,0,0,0,0,0,0,0,0,0,0,0,0,0,0,0,0,0,0,0,0
960,Togetic,POKEMON,0,0,0,0,0,1,0,0,0,0,0,0,0,0,0,0,0,0,0,0,0
961,Marill,POKEMON,1,0,0,0,0,0,0,0,0,0,0,0,1,1,0,0,0,0,0,0,0
962,Azumarill ex,POKEMON,0,0,0,0,0,0,0,0,0,1,0,0,0,0,1,0,0,0,0,0,0
963,Shuppet,POKEMON,0,0,0,0,0,0,0,0,0,0,0,0,0,0,0,0,0,0,0,0,0
964,Beheeyem,POKEMON,1,0,0,0,0,0,0,0,0,0,0,0,1,0,0,0,0,0,0,0,0
965,Swirlix,POKEMON,0,0,0,0,0,0,0,0,0,0,0,0,0,0,0,0,0,0,0,0,0
966,Slurpuff,POKEMON,0,0,0,0,0,0,0,0,0,0,0,0,0,0,0,0,0,0,0,0,0
967,Fidough,POKEMON,1,0,0,1,0,0,0,0,0,0,0,0,1,0,0,0,0,0,0,0,0
968,Dachsbun ex,POKEMON,0,0,0,0,0,0,0,1,0,0,0,0,0,0,0,0,0,0,0,0,0
969,Scream Tail ex,POKEMON,1,0,0,0,0,0,0,0,0,0,0,0,1,0,0,0,0,0,0,0,1
970,Fezandipiti,POKEMON,1,0,0,0,0,0,0,0,0,0,0,0,1,0,0,0,0,0,0,0,0
971,Iron Boulder,POKEMON,0,0,0,0,0,0,0,0,0,0,0,0,0,0,0,0,0,0,0,0,0
972,Hitmontop,POKEMON,1,0,1,0,0,0,0,0,0,0,0,0,1,0,0,0,0,0,1,0,0
973,Groudon,POKEMON,0,0,0,0,0,0,0,0,0,0,0,0,0,0,0,0,0,0,0,0,0
974,Riolu,POKEMON,0,0,0,0,0,0,0,0,0,0,0,0,0,0,0,0,0,0,0,0,0
975,Stunfisk ex,POKEMON,0,0,0,0,0,0,0,0,0,0,0,0,0,0,1,0,0,0,0,0,0
976,Carbink,POKEMON,0,0,0,0,0,0,0,0,0,0,0,0,0,0,1,0,0,0,0,1,0
977,Crabrawler,POKEMON,0,0,0,0,0,0,0,0,0,0,0,0,0,0,0,0,0,0,0,0,0
978,Passimian,POKEMON,1,0,0,0,0,0,0,0,0,0,0,0,1,0,0,0,0,0,0,0,0
979,Koraidon ex,POKEMON,0,0,0,0,0,0,0,0,0,0,0,0,0,1,1,0,0,0,0,0,0
980,Venipede,POKEMON,1,0,0,0,0,0,0,1,0,0,0,0,1,0,0,0,0,0,0,0,0
981,Whirlipede,POKEMON,1,0,0,0,0,0,0,1,0,0,0,0,1,0,0,0,0,0,0,0,0
982,Scolipede,POKEMON,1,0,0,0,0,0,0,0,0,0,0,0,1,0,0,0,0,0,0,0,0
983,Vullaby,POKEMON,0,0,0,0,0,0,0,0,0,0,0,0,0,0,0,0,0,0,0,0,0
984,Mandibuzz ex,POKEMON,1,0,0,0,0,0,0,0,0,0,0,0,1,0,0,0,0,0,0,0,0
985,Hoopa,POKEMON,1,0,1,0,0,0,0,0,0,0,0,0,1,0,0,0,0,0,0,0,0
986,Brute Bonnet,POKEMON,1,0,0,0,0,0,0,1,0,0,0,0,1,0,1,0,0,0,0,0,0
987,Mawile,POKEMON,1,0,0,1,0,0,0,0,0,0,0,0,1,0,0,0,0,0,0,0,0
988,Registeel ex,POKEMON,1,1,0,0,0,0,0,0,0,0,0,0,1,0,0,0,0,0,0,0,0
989,Bronzor,POKEMON,0,0,0,0,0,0,0,0,0,0,0,0,0,0,1,0,0,0,0,0,0
990,Togedemaru ex,POKEMON,0,0,0,0,0,0,0,1,0,0,0,0,0,0,1,0,0,0,0,0,0
991,Melmetal,POKEMON,0,0,0,0,0,0,0,0,0,0,0,0,0,0,0,0,0,0,0,0,0
992,Duraludon,POKEMON,0,0,0,0,0,0,0,0,0,0,0,0,0,0,0,0,0,0,0,0,0
993,Orthworm ex,POKEMON,0,0,0,0,0,0,1,0,0,0,0,0,0,0,0,0,0,0,0,0,0
994,Fraxure,POKEMON,0,0,0,0,0,0,0,0,0,0,0,0,0,0,0,0,0,0,0,0,0
995,Haxorus,POKEMON,1,0,0,0,0,0,0,0,0,0,0,0,1,0,0,0,0,0,0,0,0
996,Larry's Dunsparce,POKEMON,0,0,0,0,0,0,0,0,0,0,0,0,0,0,1,0,0,0,0,0,0
997,Larry's Dudunsparce ex,POKEMON,1,0,0,0,0,0,0,0,0,0,0,0,1,0,0,0,0,0,0,0,0
998,Slakoth,POKEMON,1,0,0,0,0,1,0,0,0,0,0,0,1,0,0,0,0,0,0,0,0
999,Vigoroth,POKEMON,0,0,0,0,0,0,0,0,0,0,0,0,0,0,0,0,0,0,0,0,0
1000,Skitty,POKEMON,0,0,0,0,0,0,0,0,0,0,0,0,0,0,0,0,0,0,0,0,0
1001,Delcatty,POKEMON,1,0,0,0,0,0,0,0,0,0,0,0,1,0,0,0,0,0,0,0,0
1002,Zangoose ex,POKEMON,0,0,1,0,0,0,0,0,0,0,0,0,0,0,0,0,0,0,0,0,0
1003,Larry's Starly,POKEMON,1,0,0,1,0,0,0,0,0,0,0,0,1,0,0,0,0,0,0,0,0
1004,Larry's Staravia,POKEMON,0,0,0,0,0,0,0,0,0,0,0,0,0,0,0,0,0,0,0,0,0
1005,Larry's Staraptor,POKEMON,0,0,0,0,0,0,0,1,0,0,0,0,0,0,1,0,0,0,0,0,0
1006,Mega Audino ex,POKEMON,1,0,0,1,0,0,0,0,0,0,0,0,1,0,1,0,0,0,0,0,0
1007,Larry's Rufflet,POKEMON,0,0,0,0,0,0,0,0,0,0,0,0,0,0,1,0,0,0,0,0,0
1008,Larry's Braviary,POKEMON,0,0,0,0,0,0,0,0,0,0,0,0,0,0,0,0,0,0,0,0,0
1009,Larry's Komala,POKEMON,1,1,1,0,0,0,0,1,0,0,0,0,1,0,0,0,0,0,0,0,0
1010,Drampa,POKEMON,0,0,0,0,0,0,0,0,0,0,0,0,0,0,0,0,0,0,0,0,0
1011,Spinarak,POKEMON,0,0,0,0,0,0,0,0,0,0,0,0,0,0,0,0,0,0,0,0,0
1012,Ariados,POKEMON,0,0,0,0,0,0,0,1,0,0,0,0,0,0,0,0,0,0,0,0,0
1013,Shaymin,POKEMON,1,0,0,1,0,0,0,0,0,0,0,0,1,0,0,0,0,0,0,0,0
1014,Snivy,POKEMON,0,0,0,0,0,0,0,0,0,0,0,0,0,0,0,0,0,0,0,0,0
1015,Servine,POKEMON,0,0,0,0,0,0,0,0,0,0,0,0,0,0,0,0,0,0,0,0,0
1016,Serperior,POKEMON,1,0,0,0,0,0,0,0,0,0,0,0,1,0,1,0,0,0,0,0,0
1017,Scatterbug,POKEMON,0,0,0,0,0,0,0,0,0,0,0,0,0,0,0,0,0,0,0,0,0
1018,Spewpa,POKEMON,1,0,0,0,0,0,0,0,0,0,0,0,1,1,0,0,0,0,0,0,0
1019,Vivillon,POKEMON,0,0,1,0,0,0,0,0,0,0,1,0,0,0,1,0,0,0,0,0,0
1020,Rowlet,POKEMON,1,0,0,1,0,0,0,0,0,0,0,0,1,0,0,0,0,0,0,0,0
1021,Dartrix,POKEMON,1,0,0,0,0,0,0,0,0,0,0,0,1,0,0,0,0,0,0,0,0
1022,Decidueye ex,POKEMON,0,0,0,0,0,0,0,0,0,0,0,0,0,0,0,0,0,0,0,0,0
1023,Fletchinder,POKEMON,0,0,0,0,0,0,0,0,0,0,0,0,0,0,0,0,0,0,0,0,0
1024,Talonflame,POKEMON,0,0,0,0,0,0,0,0,0,0,0,0,0,0,0,0,0,0,0,0,0
1025,Salandit,POKEMON,0,0,0,0,0,0,0,0,0,0,0,0,0,0,0,0,0,0,0,0,0
1026,Salazzle ex,POKEMON,1,0,0,1,0,0,0,1,0,0,0,0,1,0,0,0,0,0,0,0,0
1027,Turtonator,POKEMON,0,0,0,0,0,0,0,0,0,0,0,0,0,0,1,0,0,0,0,0,0
1028,Seel,POKEMON,0,0,0,0,0,0,0,0,0,0,0,0,0,0,0,0,0,0,0,0,0
1029,Dewgong,POKEMON,0,0,0,0,0,0,0,0,0,1,0,0,0,0,0,0,0,0,0,0,0
1030,Staryu,POKEMON,0,0,0,0,0,0,0,0,0,0,0,0,0,0,0,0,0,0,0,0,0
1031,Mega Starmie ex,POKEMON,0,0,0,0,0,0,0,0,0,0,0,0,0,1,0,0,0,0,0,0,0
1032,Amaura,POKEMON,0,0,0,0,0,0,0,1,0,0,0,0,0,0,0,0,0,0,0,0,0
1033,Aurorus,POKEMON,0,0,0,0,0,0,0,0,0,0,0,0,0,0,0,0,0,0,0,0,0
1034,Volcanion,POKEMON,1,0,0,0,0,0,0,0,0,0,0,0,1,0,0,0,0,0,0,0,0
1035,Shinx,POKEMON,1,0,0,0,0,0,0,0,0,0,0,0,1,0,0,0,0,0,0,0,0
1036,Luxio,POKEMON,0,0,0,0,0,0,0,0,0,0,0,0,0,0,0,0,0,0,0,0,0
1037,Luxray,POKEMON,1,0,0,0,0,0,0,0,0,0,0,0,1,0,0,0,0,0,0,1,0
1038,Dedenne,POKEMON,1,0,0,0,0,0,0,1,0,0,0,1,1,0,0,0,0,0,0,0,0
1039,Clefairy,POKEMON,1,0,0,0,1,0,0,0,0,0,0,0,1,0,0,0,0,0,0,0,0
1040,Mega Clefable ex,POKEMON,0,0,0,0,0,0,0,0,0,0,0,0,0,0,1,0,0,0,0,0,0
1041,Mawile,POKEMON,1,0,0,0,0,0,0,0,0,0,0,0,1,0,0,0,0,0,0,0,0
1042,Espurr,POKEMON,1,0,0,0,0,1,0,0,0,0,0,0,1,0,0,0,0,0,0,0,0
1043,Meowstic,POKEMON,1,0,0,0,0,0,0,1,0,0,0,0,1,0,1,0,0,0,0,0,0
1044,Spritzee,POKEMON,1,0,0,0,0,1,0,0,0,0,0,0,1,0,0,0,0,0,0,0,0
1045,Aromatisse,POKEMON,0,0,0,1,0,1,0,0,0,0,0,0,0,0,0,0,0,0,0,0,0
1046,Nosepass,POKEMON,0,0,0,0,0,0,0,0,0,0,0,0,0,0,0,0,0,0,0,0,0
1047,Probopass,POKEMON,0,0,0,0,0,0,0,0,0,0,0,0,0,0,0,0,0,0,0,0,0
1048,Hippopotas,POKEMON,0,0,0,0,0,0,0,0,0,0,0,0,0,0,0,0,0,0,0,0,0
1049,Hippowdon,POKEMON,0,0,0,0,0,0,0,0,0,0,0,0,0,0,0,0,0,0,0,0,0
1050,Landorus,POKEMON,0,0,0,0,0,0,0,0,0,0,0,0,0,1,0,0,0,0,0,0,0
1051,Binacle,POKEMON,1,0,1,0,0,0,0,0,0,0,0,0,1,0,0,0,0,0,0,0,0
1052,Barbaracle,POKEMON,0,1,0,0,0,0,0,0,0,0,0,0,0,0,0,0,0,0,0,0,0
1053,Tyrunt,POKEMON,1,0,0,0,0,0,0,0,0,0,0,0,1,0,0,0,0,0,0,0,0
1054,Tyrantrum,POKEMON,0,0,0,0,0,0,0,0,0,0,0,0,0,0,0,0,0,0,0,0,0
1055,Hawlucha,POKEMON,0,0,0,0,0,0,0,0,0,0,0,0,0,0,1,0,0,0,0,0,0
1056,Mega Zygarde ex,POKEMON,1,0,0,0,0,0,0,0,0,0,0,0,1,0,0,0,0,0,0,0,0
1057,Gastly,POKEMON,0,0,0,0,0,0,0,0,0,0,0,0,0,0,0,0,0,0,0,0,0
1058,Haunter,POKEMON,1,0,0,0,0,0,0,0,0,0,0,0,1,0,0,0,0,0,0,0,0
1059,Gengar,POKEMON,0,0,0,0,0,0,0,0,0,0,1,0,0,0,1,0,0,0,0,0,0
1060,Skorupi,POKEMON,0,0,0,0,0,0,0,1,0,0,0,0,0,0,0,0,0,0,0,0,0
1061,Drapion,POKEMON,0,0,0,0,0,0,0,1,0,0,0,0,0,0,0,0,0,0,0,0,0
1062,Yveltal ex,POKEMON,1,0,0,0,0,0,0,0,0,0,0,0,1,0,0,0,0,0,0,0,0
1063,Chien-Pao,POKEMON,0,0,0,0,0,0,0,0,0,0,0,0,0,0,1,0,0,0,0,0,0
1064,Mega Skarmory ex,POKEMON,1,0,0,0,0,0,0,0,0,0,0,0,1,0,0,0,0,0,0,0,0
1065,Honedge,POKEMON,0,0,0,0,0,0,0,0,0,0,0,0,0,0,0,0,0,0,0,0,0
1066,Doublade,POKEMON,1,0,0,0,0,0,0,0,0,0,0,0,1,0,0,0,0,0,0,0,0
1067,Aegislash,POKEMON,0,0,0,0,0,0,0,0,0,0,0,0,0,0,0,0,0,0,0,0,0
1068,Klefki,POKEMON,0,0,0,0,0,0,0,0,0,0,0,0,0,0,0,0,0,0,0,0,0
1069,Rattata,POKEMON,0,0,0,0,0,0,0,0,0,0,0,0,0,0,0,0,0,0,0,0,0
1070,Raticate,POKEMON,1,0,0,0,0,0,1,0,0,0,0,0,1,0,0,0,0,0,0,0,0
1071,Meowth ex,POKEMON,0,0,0,1,0,0,0,0,0,0,0,0,0,0,0,0,0,0,0,0,0
1072,Snorlax,POKEMON,1,0,0,1,0,0,0,1,0,0,0,0,1,0,0,0,0,0,0,0,0
1073,Bunnelby,POKEMON,0,0,0,0,0,0,0,0,0,0,0,0,0,0,0,0,0,0,0,0,0
1074,Diggersby,POKEMON,0,0,0,0,0,0,0,0,0,0,0,0,0,0,0,0,0,0,0,0,0
1075,Fletchling,POKEMON,1,0,0,1,0,0,0,0,0,0,0,0,1,0,0,0,0,0,0,0,0
1076,Furfrou,POKEMON,1,0,0,0,0,0,0,0,0,0,0,0,1,0,0,0,0,0,0,0,0
1077,Roto-Stick,ITEM,0,0,0,0,0,0,0,0,0,0,0,0,0,0,0,0,0,0,0,0,0
1078,Hole-Digging Shovel,ITEM,0,0,0,0,0,0,0,0,0,0,0,0,0,0,0,0,0,0,0,0,0
1079,Rare Candy,ITEM,0,0,0,0,0,0,0,0,0,0,0,0,0,0,0,0,0,0,0,0,0
1080,Unfair Stamp,ITEM,0,0,1,0,0,0,0,0,0,0,1,0,0,0,0,0,0,0,0,0,1
1081,Enhanced Hammer,ITEM,0,0,0,0,0,0,0,0,0,0,0,0,0,0,0,0,0,0,0,0,0
1082,Hyper Aroma,ITEM,0,0,0,1,0,0,0,0,0,0,0,0,0,0,0,0,0,0,0,0,0
1083,Love Ball,ITEM,0,0,0,1,0,0,0,0,0,0,1,0,0,0,0,0,0,0,0,0,0
1084,Boxed Order,ITEM,0,0,0,1,0,0,0,0,0,0,0,0,0,0,0,0,0,0,0,0,0
1085,Awakening Drum,ITEM,0,0,1,0,0,0,0,0,0,0,0,0,0,0,0,0,0,0,0,0,0
1086,Buddy-Buddy Poffin,ITEM,0,0,0,1,0,0,0,0,0,0,0,0,0,0,0,0,0,0,0,0,0
1087,Hand Trimmer,ITEM,0,0,0,0,0,0,0,0,0,0,0,0,0,0,0,0,0,0,0,0,0
1088,Prime Catcher,ITEM,0,0,0,0,1,0,0,0,1,0,0,0,0,0,0,0,0,0,0,0,0
1089,Reboot Pod,ITEM,0,1,0,0,0,0,0,0,0,0,0,0,0,0,0,0,0,0,0,0,0
1090,Ogre’s Mask,ITEM,0,0,0,0,0,0,0,0,0,0,0,0,0,0,0,0,0,0,0,0,0
1091,Accompanying Flute,ITEM,0,0,0,0,0,0,0,0,0,0,0,0,0,0,0,0,0,0,0,0,0
1092,Secret Box,ITEM,0,0,0,1,0,0,0,0,0,0,0,0,0,0,0,0,0,0,0,0,1
1093,Scoop Up Cyclone,ITEM,0,0,0,0,0,0,0,0,0,0,0,0,0,0,0,0,0,0,0,0,0
1094,Bug Catching Set,ITEM,0,0,0,0,0,0,0,0,0,0,0,0,0,0,0,0,0,0,0,0,0
1095,Dangerous Laser,ITEM,0,0,0,0,0,0,0,1,0,0,0,0,0,0,0,0,0,0,0,0,0
1096,Poké Vital A,ITEM,0,0,0,0,0,1,0,0,0,0,0,0,0,0,0,0,0,0,0,0,0
1097,Night Stretcher,ITEM,0,0,0,0,0,0,0,0,0,0,0,1,0,0,0,0,0,0,0,0,0
1098,Glass Trumpet,ITEM,0,1,0,0,0,0,0,0,0,0,0,0,0,0,0,0,0,0,0,0,1
1099,Antique Root Fossil,ITEM,0,0,0,0,0,0,0,0,0,0,0,0,0,1,0,0,0,0,0,0,0
1100,Energy Search Pro,ITEM,0,0,0,1,0,0,0,0,0,0,0,0,0,0,0,0,0,0,0,0,0
1101,Call Bell,ITEM,0,0,0,1,0,0,0,0,0,0,0,0,0,0,0,0,0,0,0,0,1
1102,Dusk Ball,ITEM,0,0,0,0,0,0,0,0,0,0,0,0,0,0,0,0,0,0,0,0,0
1103,Meddling Memo,ITEM,0,0,1,0,0,0,0,0,0,0,0,0,0,0,0,0,0,0,0,0,0
1104,Megaton Blower,ITEM,0,0,0,0,0,0,0,0,0,0,0,0,0,0,0,0,0,0,0,0,0
1105,Dragon Elixir,ITEM,0,0,0,0,0,1,0,0,0,0,0,0,0,0,0,0,0,0,0,0,0
1106,Deduction Kit,ITEM,0,0,0,0,0,0,0,0,0,0,0,0,0,0,0,0,0,0,0,0,0
1107,Scramble Switch,ITEM,0,0,0,0,0,0,0,0,1,1,0,0,0,0,0,0,0,0,0,0,0
1108,Chill Teaser Toy,ITEM,0,0,0,0,0,0,0,0,0,0,0,0,0,0,0,0,0,0,0,0,1
1109,Miracle Headset,ITEM,0,0,0,0,0,0,0,0,0,0,0,1,0,0,0,0,0,0,0,0,0
1110,Max Rod,ITEM,0,0,0,0,0,0,0,0,0,0,0,1,0,0,0,0,0,0,0,0,0
1111,Treasure Tracker,ITEM,0,0,0,1,0,0,0,0,0,0,0,0,0,0,0,0,0,0,0,0,0
1112,Super Potion,ITEM,0,0,0,0,0,1,0,0,0,0,0,0,0,0,0,0,0,0,0,0,0
1113,N’s PP Up,ITEM,0,1,0,0,0,0,0,0,0,0,0,0,0,0,0,0,0,0,0,0,0
1114,Redeemable Ticket,ITEM,0,0,0,0,0,0,0,0,0,0,0,0,0,0,0,0,0,0,0,1,0
1115,Hop’s Bag,ITEM,0,0,0,1,0,0,0,0,0,0,0,0,0,0,0,0,0,0,0,0,0
1116,Energy Switch,ITEM,0,0,0,0,0,0,0,0,0,1,0,0,0,0,0,0,0,0,0,0,0
1117,Potion,ITEM,0,0,0,0,0,1,0,0,0,0,0,0,0,0,0,0,0,0,0,0,0
1118,Energy Retrieval,ITEM,0,0,0,0,0,0,0,0,0,0,0,1,0,0,0,0,0,0,0,0,0
1119,Energy Search,ITEM,0,0,0,1,0,0,0,0,0,0,0,0,0,0,0,0,0,0,0,0,0
1120,Crushing Hammer,ITEM,0,0,0,0,0,0,0,0,0,0,0,0,0,0,0,0,0,0,0,0,0
1121,Ultra Ball,ITEM,0,0,0,1,0,0,0,0,0,0,0,0,0,0,0,0,0,0,0,0,1
1122,Pokégear 3.0,ITEM,0,0,0,0,0,0,0,0,0,0,0,0,0,0,0,0,0,0,0,0,0
1123,Switch,ITEM,0,0,0,0,0,0,0,0,1,0,0,0,0,0,0,0,0,0,0,0,0
1124,Pokémon Catcher,ITEM,0,0,0,0,1,0,0,0,0,0,0,0,0,0,0,0,0,0,0,0,0
1125,Master Ball,ITEM,0,0,0,1,0,0,0,0,0,0,0,0,0,0,0,0,0,0,0,0,0
1126,Precious Trolley,ITEM,0,0,0,1,0,0,0,0,0,0,0,0,0,0,0,0,0,0,0,0,0
1127,Tera Orb,ITEM,0,0,0,1,0,0,0,0,0,0,0,0,0,0,0,0,0,0,0,0,0
1128,Brilliant Blender,ITEM,0,0,0,1,0,0,0,0,0,0,0,0,0,0,0,0,0,0,0,0,0
1129,Sacred Ash,ITEM,0,0,0,0,0,0,0,0,0,0,0,0,0,0,0,0,0,0,0,0,0
1130,Arven's Sandwich,ITEM,0,0,0,0,0,1,0,0,0,0,0,0,0,0,0,0,0,0,0,0,0
1131,Team Rocket's Bother-Bot,ITEM,0,0,0,0,0,0,0,0,0,0,0,0,0,0,0,0,0,0,0,1,0
1132,Team Rocket's Great Ball,ITEM,0,0,0,1,0,0,0,0,0,0,0,0,0,0,0,0,0,0,0,0,0
1133,Team Rocket's Venture Bomb,ITEM,0,0,0,0,0,0,1,0,0,0,0,0,0,0,0,0,0,0,0,0,0
1134,Team Rocket's Transceiver,ITEM,0,0,0,1,0,0,0,0,0,0,0,0,0,0,0,0,0,0,0,0,0
1135,Energy Coin,ITEM,0,0,0,1,0,0,0,0,0,0,0,0,0,0,0,0,0,0,0,0,0
1136,Antique Cover Fossil,ITEM,0,0,0,0,0,0,0,0,0,0,0,0,0,1,0,0,0,0,0,0,0
1137,Tool Scrapper,ITEM,0,0,0,0,0,0,0,0,0,0,0,0,0,0,0,0,0,0,0,0,0
1138,Antique Plume Fossil,ITEM,0,0,0,0,0,0,0,0,0,0,0,0,0,1,0,0,0,0,0,0,0
1139,Energy Recycler,ITEM,0,0,0,0,0,0,0,0,0,0,0,0,0,0,0,0,0,0,0,0,0
1140,Iron Defender,ITEM,0,0,0,0,0,0,0,0,0,0,0,0,0,0,0,0,0,0,0,0,0
1141,Premium Power Pro,ITEM,0,0,0,0,0,0,0,0,0,0,0,0,0,0,1,0,0,0,0,0,0
1142,Fighting Gong,ITEM,0,0,0,1,0,0,0,0,0,0,0,0,0,0,0,0,0,0,0,0,0
1143,Repel,ITEM,0,0,0,0,0,0,0,0,0,0,0,0,0,0,0,0,0,0,0,0,0
1144,Strange Timepiece,ITEM,0,0,0,0,0,0,0,0,0,0,0,0,0,0,0,0,1,0,0,0,0
1145,Mega Signal,ITEM,0,0,0,1,0,0,0,0,0,0,0,0,0,0,0,0,0,0,0,0,0
1146,Wondrous Patch,ITEM,0,1,0,0,0,0,0,0,0,0,0,0,0,0,0,0,0,0,0,0,0
1147,Jumbo Ice Cream,ITEM,0,0,0,0,0,1,0,0,0,0,0,0,0,0,0,0,0,0,0,0,0
1148,Blowtorch,ITEM,0,0,0,0,0,0,0,0,0,0,0,0,0,0,0,0,0,0,0,0,1
1149,Energy Swatter,ITEM,0,0,0,0,0,0,0,0,0,0,1,0,0,0,0,0,0,0,0,0,0
1150,Antique Jaw Fossil,ITEM,0,0,0,0,0,0,0,0,0,0,0,0,0,1,0,1,0,0,0,0,0
1151,Antique Sail Fossil,ITEM,0,0,0,0,0,0,0,0,0,0,0,0,0,1,0,0,0,0,0,0,0
1152,Poké Pad,ITEM,0,0,0,1,0,0,0,0,0,0,0,0,0,0,0,0,0,0,0,0,0
1153,Lumiose Galette,ITEM,0,0,0,0,0,1,0,0,0,0,0,0,0,0,0,0,0,0,0,0,0
1154,Team Rocket’s Hypnotizer,TOOL,0,0,0,0,0,0,0,1,0,0,0,0,0,0,0,0,0,0,0,0,0
1155,Survival Brace,TOOL,0,0,0,0,0,0,0,0,0,0,0,0,0,0,0,0,0,0,0,0,0
1156,Lucky Helmet,TOOL,0,0,1,0,0,0,0,0,0,0,0,0,0,0,0,0,0,0,0,0,0
1157,Rescue Board,TOOL,0,0,0,0,0,0,0,0,0,0,0,0,0,0,0,1,0,0,0,0,0
1158,Maximum Belt,TOOL,0,0,0,0,0,0,0,0,0,0,0,0,0,0,1,0,0,0,0,0,0
1159,Hero’s Cape,TOOL,0,0,0,0,0,0,0,0,0,0,0,0,0,0,0,0,0,0,0,0,0
1160,Heavy Baton,TOOL,0,0,0,0,0,0,0,0,0,0,0,0,0,0,0,0,0,0,0,0,0
1161,Handheld Fan,TOOL,0,0,0,0,0,0,0,0,0,1,0,0,0,0,0,0,0,0,0,0,0
1162,Binding Mochi,TOOL,0,0,0,0,0,0,0,1,0,0,0,0,0,0,1,0,0,0,0,0,0
1163,Powerglass,TOOL,0,1,0,0,0,0,0,0,0,0,0,0,0,0,0,0,0,0,0,0,0
1164,Payapa Berry,TOOL,0,0,0,0,0,0,0,0,0,0,0,0,0,0,0,0,0,0,0,0,0
1165,Sparkling Crystal,TOOL,0,0,0,0,0,0,0,0,0,0,0,0,0,0,0,0,0,0,0,0,0
1166,Gravity Gemstone,TOOL,0,0,0,0,0,0,0,0,0,0,0,0,0,0,0,0,0,0,0,0,0
1167,Deluxe Bomb,TOOL,0,0,0,0,0,0,0,0,0,0,0,0,0,0,0,0,0,0,0,0,0
1168,Counter Gain,TOOL,0,0,0,0,0,0,0,0,0,0,0,0,0,0,0,0,0,0,0,1,0
1169,Amulet of Hope,TOOL,0,0,0,1,0,0,0,0,0,0,0,0,0,0,0,0,0,0,0,0,0
1170,Haban Berry,TOOL,0,0,0,0,0,0,0,0,0,0,0,0,0,0,0,0,0,0,0,0,0
1171,Hop’s Choice Band,TOOL,0,0,0,0,0,0,0,0,0,0,0,0,0,0,1,0,0,0,0,0,0
1172,Lillie’s Pearl,TOOL,0,0,0,0,0,0,0,0,0,0,0,0,0,0,0,0,0,0,0,1,0
1173,Cynthia's Power Weight,TOOL,0,0,0,0,0,0,0,0,0,0,0,0,0,0,0,0,0,0,0,0,0
1174,Air Balloon,TOOL,0,0,0,0,0,0,0,0,0,0,0,0,0,0,0,1,0,0,0,0,0
1175,Brave Bangle,TOOL,0,0,0,0,0,0,0,0,0,0,0,0,0,0,1,0,0,0,0,0,0
1176,Punk Helmet,TOOL,0,0,0,0,0,0,0,0,0,0,0,0,0,0,0,0,0,0,0,0,0
1177,Sacred Charm,TOOL,0,0,0,0,0,0,0,0,0,0,0,0,0,0,0,0,0,0,0,0,0
1178,Light Ball,TOOL,0,0,0,0,0,0,0,0,0,0,0,0,0,0,1,0,0,0,0,0,0
1179,Thick Scale,TOOL,0,0,0,0,0,0,0,0,0,0,0,0,0,0,0,0,0,0,0,0,0
1180,Core Memory,TOOL,0,0,0,0,0,0,0,0,0,0,0,0,0,0,0,0,0,0,0,0,0
1181,Billy & O'Nare,SUPPORTER,0,0,1,0,0,0,0,0,0,0,0,0,0,0,0,0,0,0,0,0,0
1182,Boss’s Orders,SUPPORTER,0,0,0,0,1,0,0,0,0,0,0,0,0,0,0,0,0,0,0,0,0
1183,Perrin,SUPPORTER,0,0,0,1,0,0,0,0,0,0,0,0,0,0,0,0,0,0,0,0,0
1184,Lana’s Aid,SUPPORTER,0,0,0,0,0,0,0,0,0,0,0,1,0,0,0,0,0,0,0,0,0
1185,Explorer’s Guidance,SUPPORTER,0,0,0,0,0,0,0,0,0,0,0,0,0,0,0,0,0,0,0,0,0
1186,Eri,SUPPORTER,0,0,0,0,0,0,0,0,0,0,1,0,0,0,0,0,0,0,0,0,0
1187,Morty’s Conviction,SUPPORTER,0,0,1,0,0,0,0,0,0,0,0,0,0,0,0,0,0,0,0,0,1
1188,Ciphermaniac’s Codebreaking,SUPPORTER,0,0,0,1,0,0,0,0,0,0,0,0,0,0,0,0,0,0,0,0,0
1189,Salvatore,SUPPORTER,0,0,0,1,0,0,0,0,0,0,0,0,0,0,0,0,0,0,0,0,0
1190,Bianca’s Devotion,SUPPORTER,0,0,0,0,0,0,0,0,0,0,0,0,0,0,0,0,0,0,0,0,0
1191,Kieran,SUPPORTER,0,0,0,0,0,0,0,0,1,0,0,0,0,0,1,0,0,0,0,0,0
1192,Carmine,SUPPORTER,0,0,1,0,0,0,0,0,0,0,0,0,0,0,0,0,0,0,0,0,0
1193,Hassel,SUPPORTER,0,0,0,0,0,0,0,0,0,0,0,0,0,0,0,0,0,0,0,0,1
1194,Colress’s Tenacity,SUPPORTER,0,0,0,1,0,0,0,0,0,0,0,0,0,0,0,0,0,0,0,0,0
1195,Janine’s Secret Art,SUPPORTER,0,0,0,1,0,0,0,1,0,0,0,0,0,0,0,0,0,0,0,0,0
1196,Cassiopeia,SUPPORTER,0,0,0,1,0,0,0,0,0,0,0,0,0,0,0,0,0,0,0,0,0
1197,Xerosic’s Machinations,SUPPORTER,0,0,0,0,0,0,0,0,0,0,1,0,0,0,0,0,0,0,0,0,0
1198,Crispin,SUPPORTER,0,0,0,1,0,0,0,0,0,0,0,0,0,0,0,0,0,0,0,0,0
1199,Lacey,SUPPORTER,0,0,1,0,0,0,0,0,0,0,0,0,0,0,0,0,0,0,1,1,0
1200,Kofu,SUPPORTER,0,0,1,0,0,0,0,0,0,0,0,0,0,0,0,0,0,0,0,0,0
1201,Briar,SUPPORTER,0,0,0,0,0,0,0,0,0,0,0,0,0,0,0,0,0,0,0,1,1
1202,Drayton,SUPPORTER,0,0,0,0,0,0,0,0,0,0,0,0,0,0,0,0,0,0,0,0,0
1203,Surfer,SUPPORTER,0,0,1,0,0,0,0,0,1,0,0,0,0,0,0,0,0,0,0,0,0
1204,Lisia’s Appeal,SUPPORTER,0,0,0,0,1,0,0,1,0,0,0,0,0,0,0,0,0,0,0,0,0
1205,Cyrano,SUPPORTER,0,0,0,1,0,0,0,0,0,0,0,0,0,0,0,0,0,0,0,0,0
1206,Larry’s Skill,SUPPORTER,0,0,0,1,0,0,0,0,0,0,0,0,0,0,0,0,0,0,0,0,0
1207,Amarys,SUPPORTER,0,0,1,0,0,0,0,0,0,0,0,0,0,0,0,0,0,0,0,0,0
1208,Iris’s Fighting Spirit,SUPPORTER,0,0,1,0,0,0,0,0,0,0,0,0,0,0,0,0,0,0,0,0,1
1209,Ruffian,SUPPORTER,0,0,0,0,0,0,0,0,0,0,0,0,0,0,0,0,0,0,0,0,0
1210,Brock’s Scouting,SUPPORTER,0,0,0,1,0,0,0,0,0,0,0,0,0,0,0,0,0,0,0,0,0
1211,Black Belt’s Training,SUPPORTER,0,0,0,0,0,0,0,0,0,0,0,0,0,0,1,0,0,0,0,0,0
1212,Cook,SUPPORTER,0,0,0,0,0,1,0,0,0,0,0,0,0,0,0,0,0,0,0,0,0
1213,Judge,SUPPORTER,0,0,0,0,0,0,0,0,0,0,0,0,0,0,0,0,0,0,0,0,0
1214,Emcee's Hype,SUPPORTER,0,0,1,0,0,0,0,0,0,0,0,0,0,0,0,0,0,0,0,1,0
1215,Ethan's Adventure,SUPPORTER,0,0,0,1,0,0,0,0,0,0,0,0,0,0,0,0,0,0,0,0,0
1216,Team Rocket's Ariana,SUPPORTER,0,0,1,0,0,0,0,0,0,0,0,0,0,0,0,0,0,0,0,0,0
1217,Team Rocket's Archer,SUPPORTER,0,0,1,0,0,0,0,0,0,0,1,0,0,0,0,0,0,0,0,0,1
1218,Team Rocket's Giovanni,SUPPORTER,0,0,0,0,1,0,0,0,0,0,0,0,0,0,0,0,0,0,0,0,0
1219,Team Rocket's Petrel,SUPPORTER,0,0,0,1,0,0,0,0,0,0,0,0,0,0,0,0,0,0,0,0,0
1220,Team Rocket's Proton,SUPPORTER,0,0,0,1,0,0,0,0,0,0,0,0,0,0,0,0,0,0,0,0,0
1221,N's Plan,SUPPORTER,0,0,0,0,0,0,0,0,0,0,0,0,0,0,0,0,0,0,0,0,0
1222,Fennel,SUPPORTER,0,0,0,0,0,1,0,0,0,0,0,0,0,0,0,0,0,0,0,0,0
1223,Harlequin,SUPPORTER,0,0,1,0,0,0,0,0,0,0,0,0,0,0,0,0,0,0,0,0,0
1224,Cheren,SUPPORTER,0,0,1,0,0,0,0,0,0,0,0,0,0,0,0,0,0,0,0,0,0
1225,Hilda,SUPPORTER,0,0,0,1,0,0,0,0,0,0,0,0,0,0,0,0,0,0,0,0,0
1226,Lt. Surge's Bargain,SUPPORTER,0,0,1,0,0,0,0,0,0,0,0,0,0,0,0,0,0,0,0,1,0
1227,Lillie's Determination,SUPPORTER,0,0,1,0,0,0,0,0,0,0,0,0,0,0,0,0,0,0,1,1,0
1228,Acerola's Mischief,SUPPORTER,0,0,0,0,0,0,0,0,0,0,0,0,0,1,0,0,0,0,0,1,1
1229,Wally's Compassion,SUPPORTER,0,0,0,0,0,0,0,0,0,0,0,0,0,0,0,0,0,0,0,0,0
1230,Grimsley's Move,SUPPORTER,0,0,0,0,0,0,0,0,0,0,0,0,0,0,0,0,0,0,0,0,0
1231,Dawn,SUPPORTER,0,0,0,1,0,0,0,0,0,0,0,0,0,0,0,0,0,0,0,0,0
1232,Firebreather,SUPPORTER,0,0,0,1,0,0,0,0,0,0,0,0,0,0,0,0,0,0,0,0,0
1233,Canari,SUPPORTER,0,0,0,1,0,0,0,0,0,0,0,0,0,0,0,0,0,0,0,0,1
1234,Anthea & Concordia,SUPPORTER,0,0,0,0,0,0,0,0,0,0,0,0,0,0,0,0,0,0,0,1,1
1235,Waitress,SUPPORTER,0,1,0,0,0,0,0,0,0,0,0,0,0,0,0,0,0,0,0,0,0
1236,Urbain,SUPPORTER,0,0,1,0,0,0,0,0,0,0,0,0,0,0,0,0,0,0,0,0,0
1237,Lucian,SUPPORTER,0,0,1,0,0,0,0,0,0,0,0,0,0,0,0,0,0,0,0,0,0
1238,Tarragon,SUPPORTER,0,0,0,0,0,0,0,0,0,0,0,1,0,0,0,0,0,0,0,0,0
1239,Naveen,SUPPORTER,0,0,1,0,0,0,0,0,0,0,0,0,0,0,0,0,0,0,0,0,0
1240,Rosa's Encouragement,SUPPORTER,0,1,0,0,0,0,0,0,0,0,0,0,0,0,0,0,0,0,0,1,1
1241,Jacinthe,SUPPORTER,0,0,0,0,0,1,0,0,0,0,0,0,0,0,0,0,0,0,0,0,0
1242,Community Center,STADIUM,0,0,0,0,0,1,0,0,0,0,0,0,0,0,0,0,0,0,0,0,0
1243,Perilous Jungle,STADIUM,0,0,0,0,0,0,1,1,0,0,0,0,0,0,1,0,0,0,0,0,0
1244,Full Metal Lab,STADIUM,0,0,0,0,0,0,0,0,0,0,0,0,0,0,0,0,0,0,0,0,0
1245,Festival Grounds,STADIUM,0,0,0,0,0,0,0,0,0,0,0,0,0,1,0,0,0,0,0,0,0
1246,Jamming Tower,STADIUM,0,0,0,0,0,0,0,0,0,0,0,0,0,0,0,0,0,0,0,0,0
1247,Neutralization Zone,STADIUM,0,0,0,0,0,0,0,0,0,0,0,0,0,1,0,0,0,0,0,0,0
1248,Academy at Night,STADIUM,0,0,0,0,0,0,0,0,0,0,0,0,0,0,0,0,0,0,0,0,0
1249,Grand Tree,STADIUM,0,0,0,0,0,0,0,0,0,0,0,0,0,0,0,0,0,0,0,0,0
1250,Area Zero Underdepths,STADIUM,0,0,0,0,0,0,0,0,0,0,0,0,0,0,0,0,0,0,0,0,0
1251,Lively Stadium,STADIUM,0,0,0,0,0,0,0,0,0,0,0,0,0,0,0,0,0,0,0,0,0
1252,Gravity Mountain,STADIUM,0,0,0,0,0,0,0,0,0,0,0,0,0,0,0,0,0,0,0,0,0
1253,N’s Castle,STADIUM,0,0,0,0,0,0,0,0,0,0,0,0,0,0,0,0,0,0,0,0,0
1254,Levincia,STADIUM,0,0,0,0,0,0,0,0,0,0,0,0,0,0,0,0,0,0,0,0,0
1255,Postwick,STADIUM,0,0,0,0,0,0,0,0,0,0,0,0,0,0,1,0,0,0,0,0,0
1256,Team Rocket's Watchtower,STADIUM,0,0,0,0,0,0,0,0,0,0,0,0,0,0,0,0,0,0,0,0,0
1257,Team Rocket's Factory,STADIUM,0,0,1,0,0,0,0,0,0,0,0,0,0,0,0,0,0,0,0,0,0
1258,Granite Cave,STADIUM,0,0,0,0,0,0,0,0,0,0,0,0,0,0,0,0,0,0,0,0,0
1259,Spikemuth Gym,STADIUM,0,0,0,0,0,0,0,0,0,0,0,0,0,0,0,0,0,0,0,0,0
1260,Risky Ruins,STADIUM,0,0,0,0,0,0,0,0,0,0,0,0,0,0,0,0,0,0,0,0,0
1261,Forest of Vitality,STADIUM,0,0,0,0,0,0,0,0,0,0,0,0,0,0,0,0,0,0,0,0,0
1262,Surfing Beach,STADIUM,0,0,0,0,0,0,0,0,0,0,0,0,0,0,0,0,0,0,0,0,0
1263,Mystery Garden,STADIUM,0,0,1,0,0,0,0,0,0,0,0,0,0,0,0,0,0,0,0,0,0
1264,Battle Cage,STADIUM,0,0,0,0,0,0,0,0,0,0,0,0,0,1,0,0,0,0,0,0,0
1265,Dizzying Valley,STADIUM,0,0,0,0,0,0,0,1,0,0,0,0,0,0,0,0,1,0,0,0,0
1266,Nighttime Mine,STADIUM,0,0,0,0,0,0,0,0,0,0,0,0,0,0,0,0,0,0,0,0,0
1267,Lumiose City,STADIUM,0,0,0,0,0,0,0,0,0,0,0,0,0,0,0,0,0,0,0,0,0
